Date,Tavg,RH,SAvg,dewpoint,q,qsat,lcl,Tmin,Tmax,Precipitation,tendt,tendq,bowen,R2,R1,std_Tavg,std_RH,std_SAvg,std_dewpoint,std_q,std_qsat,std_lcl,std_Tmin,std_Tmax,std_Precipitation,std_tendt,std_tendq,std_bowen,std_R2,std_R1,period_start,period_end,rolling_meanTavg,rolling_std_Tavg,rolling_meanRH,rolling_std_RH,rolling_meanSAvg,rolling_std_SAvg,rolling_meandewpoint,rolling_std_dewpoint,rolling_meanq,rolling_std_q,rolling_meanqsat,rolling_std_qsat,rolling_meanlcl,rolling_std_lcl,rolling_meanTmin,rolling_std_Tmin,rolling_meanTmax,rolling_std_Tmax,rolling_meanPrecipitation,rolling_std_Precipitation,rolling_meantendt,rolling_std_tendt,rolling_meantendq,rolling_std_tendq,rolling_meanbowen,rolling_std_bowen,rolling_meanR2,rolling_std_R2,rolling_meanR1,rolling_std_R1
1,,,,,,,,,,0.0,,,,,,,,,,,,,,,,,,,,,2018-06-02 00:00:00,2019-07-18 00:00:00,,,,,,,,,,,,,,,,,,,,,,,,,,,,,,
2,,,,,,,,,,0.0,,,,,,,,,,,,,,,,,,,,,2018-06-02 00:00:00,2019-07-18 00:00:00,,,,,,,,,,,,,,,,,,,,,,,,,,,,,,
3,,,,,,,,,,0.0,,,,,,,,,,,,,,,,,,,,,2018-06-02 00:00:00,2019-07-18 00:00:00,,,,,,,,,,,,,,,,,,,,,,,,,,,,,,
4,,,,,,,,,,0.0,,,,,,,,,,,,,,,,,,,,,2018-06-02 00:00:00,2019-07-18 00:00:00,,,,,,,,,,,,,,,,,,,,,,,,,,,,,,
5,,,,,,,,,,0.0,,,,,,,,,,,,,,,,,,,,,2018-06-02 00:00:00,2019-07-18 00:00:00,,,,,,,,,,,,,,,,,,,,,,,,,,,,,,
6,,,,,,,,,,0.0,,,,,,,,,,,,,,,,,,,,,2018-06-02 00:00:00,2019-07-18 00:00:00,,,,,,,,,,,,,,,,,,,,,,,,,,,,,,
7,,,,,,,,,,0.0,,,,,,,,,,,,,,,,,,,,,2018-06-02 00:00:00,2019-07-18 00:00:00,,,,,,,,,,,,,,,,,,,,,,,,,,,,,,
8,,,,,,,,,,0.0,,,,,,,,,,,,,,,,,,,,,2018-06-02 00:00:00,2019-07-18 00:00:00,,,,,,,,,,,,,,,,,,,,,,,,,,,,,,
9,,,,,,,,,,0.0,,,,,,,,,,,,,,,,,,,,,2018-06-02 00:00:00,2019-07-18 00:00:00,,,,,,,,,,,,,,,,,,,,,,,,,,,,,,
10,,,,,,,,,,0.0,,,,,,,,,,,,,,,,,,,,,2018-06-02 00:00:00,2019-07-18 00:00:00,,,,,,,,,,,,,,,,,,,0.0,0.0,,,,,,,,,,
11,,,,,,,,,,0.0,,,,,,,,,,,,,,,,,,,,,2018-06-02 00:00:00,2019-07-18 00:00:00,,,,,,,,,,,,,,,,,,,0.0,0.0,,,,,,,,,,
12,,,,,,,,,,0.0,,,,,,,,,,,,,,,,,,,,,2018-06-02 00:00:00,2019-07-18 00:00:00,,,,,,,,,,,,,,,,,,,0.0,0.0,,,,,,,,,,
13,,,,,,,,,,0.0,,,,,,,,,,,,,,,,,,,,,2018-06-02 00:00:00,2019-07-18 00:00:00,,,,,,,,,,,,,,,,,,,0.0,0.0,,,,,,,,,,
14,,,,,,,,,,0.0,,,,,,,,,,,,,,,,,,,,,2018-06-02 00:00:00,2019-07-18 00:00:00,,,,,,,,,,,,,,,,,,,0.0,0.0,,,,,,,,,,
15,,,,,,,,,,0.0,,,,,,,,,,,,,,,,,,,,,2018-06-02 00:00:00,2019-07-18 00:00:00,,,,,,,,,,,,,,,,,,,0.0,0.0,,,,,,,,,,
16,,,,,,,,,,0.0,,,,,,,,,,,,,,,,,,,,,2018-06-02 00:00:00,2019-07-18 00:00:00,,,,,,,,,,,,,,,,,,,0.0,0.0,,,,,,,,,,
17,,,,,,,,,,0.0,,,,,,,,,,,,,,,,,,,,,2018-06-02 00:00:00,2019-07-18 00:00:00,,,,,,,,,,,,,,,,,,,0.0,0.0,,,,,,,,,,
18,,,,,,,,,,0.0,,,,,,,,,,,,,,,,,,,,,2018-06-02 00:00:00,2019-07-18 00:00:00,,,,,,,,,,,,,,,,,,,0.0,0.0,,,,,,,,,,
19,,,,,,,,,,0.0,,,,,,,,,,,,,,,,,,,,,2018-06-02 00:00:00,2019-07-18 00:00:00,,,,,,,,,,,,,,,,,,,0.0,0.0,,,,,,,,,,
20,,,,,,,,,,0.0,,,,,,,,,,,,,,,,,,,,,2018-06-02 00:00:00,2019-07-18 00:00:00,,,,,,,,,,,,,,,,,,,0.0,0.0,,,,,,,,,,
21,,,,,,,,,,0.0,,,,,,,,,,,,,,,,,,,,,2018-06-02 00:00:00,2019-07-18 00:00:00,,,,,,,,,,,,,,,,,,,0.0,0.0,,,,,,,,,,
22,,,,,,,,,,0.0,,,,,,,,,,,,,,,,,,,,,2018-06-02 00:00:00,2019-07-18 00:00:00,,,,,,,,,,,,,,,,,,,0.0,0.0,,,,,,,,,,
23,,,,,,,,,,0.0,,,,,,,,,,,,,,,,,,,,,2018-06-02 00:00:00,2019-07-18 00:00:00,,,,,,,,,,,,,,,,,,,0.0,0.0,,,,,,,,,,
24,,,,,,,,,,0.0,,,,,,,,,,,,,,,,,,,,,2018-06-02 00:00:00,2019-07-18 00:00:00,,,,,,,,,,,,,,,,,,,0.0,0.0,,,,,,,,,,
25,,,,,,,,,,0.0,,,,,,,,,,,,,,,,,,,,,2018-06-02 00:00:00,2019-07-18 00:00:00,,,,,,,,,,,,,,,,,,,0.0,0.0,,,,,,,,,,
26,,,,,,,,,,0.0,,,,,,,,,,,,,,,,,,,,,2018-06-02 00:00:00,2019-07-18 00:00:00,,,,,,,,,,,,,,,,,,,0.0,0.0,,,,,,,,,,
27,,,,,,,,,,0.0,,,,,,,,,,,,,,,,,,,,,2018-06-02 00:00:00,2019-07-18 00:00:00,,,,,,,,,,,,,,,,,,,0.0,0.0,,,,,,,,,,
28,,,,,,,,,,0.0,,,,,,,,,,,,,,,,,,,,,2018-06-02 00:00:00,2019-07-18 00:00:00,,,,,,,,,,,,,,,,,,,0.0,0.0,,,,,,,,,,
29,,,,,,,,,,0.0,,,,,,,,,,,,,,,,,,,,,2018-06-02 00:00:00,2019-07-18 00:00:00,,,,,,,,,,,,,,,,,,,0.0,0.0,,,,,,,,,,
30,,,,,,,,,,0.0,,,,,,,,,,,,,,,,,,,,,2018-06-02 00:00:00,2019-07-18 00:00:00,,,,,,,,,,,,,,,,,,,0.0,0.0,,,,,,,,,,
31,,,,,,,,,,0.0,,,,,,,,,,,,,,,,,,,,,2018-06-02 00:00:00,2019-07-18 00:00:00,,,,,,,,,,,,,,,,,,,0.0,0.0,,,,,,,,,,
32,,,,,,,,,,0.0,,,,,,,,,,,,,,,,,,,,,2018-06-02 00:00:00,2019-07-18 00:00:00,,,,,,,,,,,,,,,,,,,0.0,0.0,,,,,,,,,,
33,,,,,,,,,,0.0,,,,,,,,,,,,,,,,,,,,,2018-06-02 00:00:00,2019-07-18 00:00:00,,,,,,,,,,,,,,,,,,,0.0,0.0,,,,,,,,,,
34,,,,,,,,,,0.0,,,,,,,,,,,,,,,,,,,,,2018-06-02 00:00:00,2019-07-18 00:00:00,,,,,,,,,,,,,,,,,,,0.0,0.0,,,,,,,,,,
35,,,,,,,,,,0.0,,,,,,,,,,,,,,,,,,,,,2018-06-02 00:00:00,2019-07-18 00:00:00,,,,,,,,,,,,,,,,,,,0.0,0.0,,,,,,,,,,
36,,,,,,,,,,0.0,,,,,,,,,,,,,,,,,,,,,2018-06-02 00:00:00,2019-07-18 00:00:00,,,,,,,,,,,,,,,,,,,0.0,0.0,,,,,,,,,,
37,,,,,,,,,,0.0,,,,,,,,,,,,,,,,,,,,,2018-06-02 00:00:00,2019-07-18 00:00:00,,,,,,,,,,,,,,,,,,,0.0,0.0,,,,,,,,,,
38,,,,,,,,,,0.0,,,,,,,,,,,,,,,,,,,,,2018-06-02 00:00:00,2019-07-18 00:00:00,,,,,,,,,,,,,,,,,,,0.0,0.0,,,,,,,,,,
39,,,,,,,,,,0.0,,,,,,,,,,,,,,,,,,,,,2018-06-02 00:00:00,2019-07-18 00:00:00,,,,,,,,,,,,,,,,,,,0.0,0.0,,,,,,,,,,
40,,,,,,,,,,0.0,,,,,,,,,,,,,,,,,,,,,2018-06-02 00:00:00,2019-07-18 00:00:00,,,,,,,,,,,,,,,,,,,0.0,0.0,,,,,,,,,,
41,,,,,,,,,,0.0,,,,,,,,,,,,,,,,,,,,,2018-06-02 00:00:00,2019-07-18 00:00:00,,,,,,,,,,,,,,,,,,,0.0,0.0,,,,,,,,,,
42,,,,,,,,,,0.0,,,,,,,,,,,,,,,,,,,,,2018-06-02 00:00:00,2019-07-18 00:00:00,,,,,,,,,,,,,,,,,,,0.0,0.0,,,,,,,,,,
43,,,,,,,,,,0.0,,,,,,,,,,,,,,,,,,,,,2018-06-02 00:00:00,2019-07-18 00:00:00,,,,,,,,,,,,,,,,,,,0.0,0.0,,,,,,,,,,
44,,,,,,,,,,0.0,,,,,,,,,,,,,,,,,,,,,2018-06-02 00:00:00,2019-07-18 00:00:00,,,,,,,,,,,,,,,,,,,0.0,0.0,,,,,,,,,,
45,,,,,,,,,,0.0,,,,,,,,,,,,,,,,,,,,,2018-06-02 00:00:00,2019-07-18 00:00:00,,,,,,,,,,,,,,,,,,,0.0,0.0,,,,,,,,,,
46,,,,,,,,,,0.0,,,,,,,,,,,,,,,,,,,,,2018-06-02 00:00:00,2019-07-18 00:00:00,,,,,,,,,,,,,,,,,,,0.0,0.0,,,,,,,,,,
47,,,,,,,,,,0.0,,,,,,,,,,,,,,,,,,,,,2018-06-02 00:00:00,2019-07-18 00:00:00,,,,,,,,,,,,,,,,,,,0.0,0.0,,,,,,,,,,
48,,,,,,,,,,0.0,,,,,,,,,,,,,,,,,,,,,2018-06-02 00:00:00,2019-07-18 00:00:00,,,,,,,,,,,,,,,,,,,0.0,0.0,,,,,,,,,,
49,,,,,,,,,,0.0,,,,,,,,,,,,,,,,,,,,,2018-06-02 00:00:00,2019-07-18 00:00:00,,,,,,,,,,,,,,,,,,,0.0,0.0,,,,,,,,,,
50,,,,,,,,,,0.0,,,,,,,,,,,,,,,,,,,,,2018-06-02 00:00:00,2019-07-18 00:00:00,,,,,,,,,,,,,,,,,,,0.0,0.0,,,,,,,,,,
51,,,,,,,,,,0.0,,,,,,,,,,,,,,,,,,,,,2018-06-02 00:00:00,2019-07-18 00:00:00,,,,,,,,,,,,,,,,,,,0.0,0.0,,,,,,,,,,
52,,,,,,,,,,0.0,,,,,,,,,,,,,,,,,,,,,2018-06-02 00:00:00,2019-07-18 00:00:00,,,,,,,,,,,,,,,,,,,0.0,0.0,,,,,,,,,,
53,,,,,,,,,,0.0,,,,,,,,,,,,,,,,,,,,,2018-06-02 00:00:00,2019-07-18 00:00:00,,,,,,,,,,,,,,,,,,,0.0,0.0,,,,,,,,,,
54,,,,,,,,,,0.0,,,,,,,,,,,,,,,,,,,,,2018-06-02 00:00:00,2019-07-18 00:00:00,,,,,,,,,,,,,,,,,,,0.0,0.0,,,,,,,,,,
55,,,,,,,,,,0.0,,,,,,,,,,,,,,,,,,,,,2018-06-02 00:00:00,2019-07-18 00:00:00,,,,,,,,,,,,,,,,,,,0.0,0.0,,,,,,,,,,
56,,,,,,,,,,0.0,,,,,,,,,,,,,,,,,,,,,2018-06-02 00:00:00,2019-07-18 00:00:00,,,,,,,,,,,,,,,,,,,0.0,0.0,,,,,,,,,,
57,,,,,,,,,,0.0,,,,,,,,,,,,,,,,,,,,,2018-06-02 00:00:00,2019-07-18 00:00:00,,,,,,,,,,,,,,,,,,,0.0,0.0,,,,,,,,,,
58,,,,,,,,,,0.0,,,,,,,,,,,,,,,,,,,,,2018-06-02 00:00:00,2019-07-18 00:00:00,,,,,,,,,,,,,,,,,,,0.0,0.0,,,,,,,,,,
59,,,,,,,,,,0.0,,,,,,,,,,,,,,,,,,,,,2018-06-02 00:00:00,2019-07-18 00:00:00,,,,,,,,,,,,,,,,,,,0.0,0.0,,,,,,,,,,
60,,,,,,,,,,0.0,,,,,,,,,,,,,,,,,,,,,2018-06-02 00:00:00,2019-07-18 00:00:00,,,,,,,,,,,,,,,,,,,0.0,0.0,,,,,,,,,,
61,,,,,,,,,,0.0,,,,,,,,,,,,,,,,,,,,,2018-06-02 00:00:00,2019-07-18 00:00:00,,,,,,,,,,,,,,,,,,,0.0,0.0,,,,,,,,,,
62,,,,,,,,,,0.0,,,,,,,,,,,,,,,,,,,,,2018-06-02 00:00:00,2019-07-18 00:00:00,,,,,,,,,,,,,,,,,,,0.0,0.0,,,,,,,,,,
63,,,,,,,,,,0.0,,,,,,,,,,,,,,,,,,,,,2018-06-02 00:00:00,2019-07-18 00:00:00,,,,,,,,,,,,,,,,,,,0.0,0.0,,,,,,,,,,
64,,,,,,,,,,0.0,,,,,,,,,,,,,,,,,,,,,2018-06-02 00:00:00,2019-07-18 00:00:00,,,,,,,,,,,,,,,,,,,0.0,0.0,,,,,,,,,,
65,,,,,,,,,,0.0,,,,,,,,,,,,,,,,,,,,,2018-06-02 00:00:00,2019-07-18 00:00:00,,,,,,,,,,,,,,,,,,,0.0,0.0,,,,,,,,,,
66,,,,,,,,,,0.0,,,,,,,,,,,,,,,,,,,,,2018-06-02 00:00:00,2019-07-18 00:00:00,,,,,,,,,,,,,,,,,,,0.0,0.0,,,,,,,,,,
67,,,,,,,,,,0.0,,,,,,,,,,,,,,,,,,,,,2018-06-02 00:00:00,2019-07-18 00:00:00,,,,,,,,,,,,,,,,,,,0.0,0.0,,,,,,,,,,
68,,,,,,,,,,0.0,,,,,,,,,,,,,,,,,,,,,2018-06-02 00:00:00,2019-07-18 00:00:00,,,,,,,,,,,,,,,,,,,0.0,0.0,,,,,,,,,,
69,,,,,,,,,,0.0,,,,,,,,,,,,,,,,,,,,,2018-06-02 00:00:00,2019-07-18 00:00:00,,,,,,,,,,,,,,,,,,,0.0,0.0,,,,,,,,,,
70,,,,,,,,,,0.0,,,,,,,,,,,,,,,,,,,,,2018-06-02 00:00:00,2019-07-18 00:00:00,,,,,,,,,,,,,,,,,,,0.0,0.0,,,,,,,,,,
71,,,,,,,,,,0.0,,,,,,,,,,,,,,,,,,,,,2018-06-02 00:00:00,2019-07-18 00:00:00,,,,,,,,,,,,,,,,,,,0.0,0.0,,,,,,,,,,
72,,,,,,,,,,0.0,,,,,,,,,,,,,,,,,,,,,2018-06-02 00:00:00,2019-07-18 00:00:00,,,,,,,,,,,,,,,,,,,0.0,0.0,,,,,,,,,,
73,,,,,,,,,,0.0,,,,,,,,,,,,,,,,,,,,,2018-06-02 00:00:00,2019-07-18 00:00:00,,,,,,,,,,,,,,,,,,,0.0,0.0,,,,,,,,,,
74,,,,,,,,,,0.0,,,,,,,,,,,,,,,,,,,,,2018-06-02 00:00:00,2019-07-18 00:00:00,,,,,,,,,,,,,,,,,,,0.0,0.0,,,,,,,,,,
75,,,,,,,,,,0.0,,,,,,,,,,,,,,,,,,,,,2018-06-02 00:00:00,2019-07-18 00:00:00,,,,,,,,,,,,,,,,,,,0.0,0.0,,,,,,,,,,
76,,,,,,,,,,0.0,,,,,,,,,,,,,,,,,,,,,2018-06-02 00:00:00,2019-07-18 00:00:00,,,,,,,,,,,,,,,,,,,0.0,0.0,,,,,,,,,,
77,,,,,,,,,,0.0,,,,,,,,,,,,,,,,,,,,,2018-06-02 00:00:00,2019-07-18 00:00:00,,,,,,,,,,,,,,,,,,,0.0,0.0,,,,,,,,,,
78,,,,,,,,,,0.0,,,,,,,,,,,,,,,,,,,,,2018-06-02 00:00:00,2019-07-18 00:00:00,,,,,,,,,,,,,,,,,,,0.0,0.0,,,,,,,,,,
79,,,,,,,,,,0.0,,,,,,,,,,,,,,,,,,,,,2018-06-02 00:00:00,2019-07-18 00:00:00,,,,,,,,,,,,,,,,,,,0.0,0.0,,,,,,,,,,
80,,,,,,,,,,0.0,,,,,,,,,,,,,,,,,,,,,2018-06-02 00:00:00,2019-07-18 00:00:00,,,,,,,,,,,,,,,,,,,0.0,0.0,,,,,,,,,,
81,,,,,,,,,,0.0,,,,,,,,,,,,,,,,,,,,,2018-06-02 00:00:00,2019-07-18 00:00:00,,,,,,,,,,,,,,,,,,,0.0,0.0,,,,,,,,,,
82,,,,,,,,,,0.0,,,,,,,,,,,,,,,,,,,,,2018-06-02 00:00:00,2019-07-18 00:00:00,,,,,,,,,,,,,,,,,,,0.0,0.0,,,,,,,,,,
83,,,,,,,,,,0.0,,,,,,,,,,,,,,,,,,,,,2018-06-02 00:00:00,2019-07-18 00:00:00,,,,,,,,,,,,,,,,,,,0.0,0.0,,,,,,,,,,
84,,,,,,,,,,0.0,,,,,,,,,,,,,,,,,,,,,2018-06-02 00:00:00,2019-07-18 00:00:00,,,,,,,,,,,,,,,,,,,0.0,0.0,,,,,,,,,,
85,,,,,,,,,,0.0,,,,,,,,,,,,,,,,,,,,,2018-06-02 00:00:00,2019-07-18 00:00:00,,,,,,,,,,,,,,,,,,,0.0,0.0,,,,,,,,,,
86,,,,,,,,,,0.0,,,,,,,,,,,,,,,,,,,,,2018-06-02 00:00:00,2019-07-18 00:00:00,,,,,,,,,,,,,,,,,,,0.0,0.0,,,,,,,,,,
87,,,,,,,,,,0.0,,,,,,,,,,,,,,,,,,,,,2018-06-02 00:00:00,2019-07-18 00:00:00,,,,,,,,,,,,,,,,,,,0.0,0.0,,,,,,,,,,
88,,,,,,,,,,0.0,,,,,,,,,,,,,,,,,,,,,2018-06-02 00:00:00,2019-07-18 00:00:00,,,,,,,,,,,,,,,,,,,0.0,0.0,,,,,,,,,,
89,,,,,,,,,,0.0,,,,,,,,,,,,,,,,,,,,,2018-06-02 00:00:00,2019-07-18 00:00:00,,,,,,,,,,,,,,,,,,,0.0,0.0,,,,,,,,,,
90,,,,,,,,,,0.0,,,,,,,,,,,,,,,,,,,,,2018-06-02 00:00:00,2019-07-18 00:00:00,,,,,,,,,,,,,,,,,,,0.0,0.0,,,,,,,,,,
91,,,,,,,,,,0.0,,,,,,,,,,,,,,,,,,,,,2018-06-02 00:00:00,2019-07-18 00:00:00,,,,,,,,,,,,,,,,,,,0.0,0.0,,,,,,,,,,
92,,,,,,,,,,0.0,,,,,,,,,,,,,,,,,,,,,2018-06-02 00:00:00,2019-07-18 00:00:00,,,,,,,,,,,,,,,,,,,0.0,0.0,,,,,,,,,,
93,,,,,,,,,,0.0,,,,,,,,,,,,,,,,,,,,,2018-06-02 00:00:00,2019-07-18 00:00:00,,,,,,,,,,,,,,,,,,,0.0,0.0,,,,,,,,,,
94,,,,,,,,,,0.0,,,,,,,,,,,,,,,,,,,,,2018-06-02 00:00:00,2019-07-18 00:00:00,,,,,,,,,,,,,,,,,,,0.0,0.0,,,,,,,,,,
95,,,,,,,,,,0.0,,,,,,,,,,,,,,,,,,,,,2018-06-02 00:00:00,2019-07-18 00:00:00,,,,,,,,,,,,,,,,,,,0.0,0.0,,,,,,,,,,
96,,,,,,,,,,0.0,,,,,,,,,,,,,,,,,,,,,2018-06-02 00:00:00,2019-07-18 00:00:00,,,,,,,,,,,,,,,,,,,0.0,0.0,,,,,,,,,,
97,,,,,,,,,,0.0,,,,,,,,,,,,,,,,,,,,,2018-06-02 00:00:00,2019-07-18 00:00:00,,,,,,,,,,,,,,,,,,,0.0,0.0,,,,,,,,,,
98,,,,,,,,,,0.0,,,,,,,,,,,,,,,,,,,,,2018-06-02 00:00:00,2019-07-18 00:00:00,,,,,,,,,,,,,,,,,,,0.0,0.0,,,,,,,,,,
99,,,,,,,,,,0.0,,,,,,,,,,,,,,,,,,,,,2018-06-02 00:00:00,2019-07-18 00:00:00,,,,,,,,,,,,,,,,,,,0.0,0.0,,,,,,,,,,
100,,,,,,,,,,0.0,,,,,,,,,,,,,,,,,,,,,2018-06-02 00:00:00,2019-07-18 00:00:00,,,,,,,,,,,,,,,,,,,0.0,0.0,,,,,,,,,,
101,,,,,,,,,,0.0,,,,,,,,,,,,,,,,,,,,,2018-06-02 00:00:00,2019-07-18 00:00:00,,,,,,,,,,,,,,,,,,,0.0,0.0,,,,,,,,,,
102,,,,,,,,,,0.0,,,,,,,,,,,,,,,,,,,,,2018-06-02 00:00:00,2019-07-18 00:00:00,,,,,,,,,,,,,,,,,,,0.0,0.0,,,,,,,,,,
103,,,,,,,,,,0.0,,,,,,,,,,,,,,,,,,,,,2018-06-02 00:00:00,2019-07-18 00:00:00,,,,,,,,,,,,,,,,,,,0.0,0.0,,,,,,,,,,
104,,,,,,,,,,0.0,,,,,,,,,,,,,,,,,,,,,2018-06-02 00:00:00,2019-07-18 00:00:00,,,,,,,,,,,,,,,,,,,0.0,0.0,,,,,,,,,,
105,,,,,,,,,,0.0,,,,,,,,,,,,,,,,,,,,,2018-06-02 00:00:00,2019-07-18 00:00:00,,,,,,,,,,,,,,,,,,,0.0,0.0,,,,,,,,,,
106,,,,,,,,,,0.0,,,,,,,,,,,,,,,,,,,,,2018-06-02 00:00:00,2019-07-18 00:00:00,,,,,,,,,,,,,,,,,,,0.0,0.0,,,,,,,,,,
107,,,,,,,,,,0.0,,,,,,,,,,,,,,,,,,,,,2018-06-02 00:00:00,2019-07-18 00:00:00,,,,,,,,,,,,,,,,,,,0.0,0.0,,,,,,,,,,
108,,,,,,,,,,0.0,,,,,,,,,,,,,,,,,,,,,2018-06-02 00:00:00,2019-07-18 00:00:00,,,,,,,,,,,,,,,,,,,0.0,0.0,,,,,,,,,,
109,,,,,,,,,,0.0,,,,,,,,,,,,,,,,,,,,,2018-06-02 00:00:00,2019-07-18 00:00:00,,,,,,,,,,,,,,,,,,,0.0,0.0,,,,,,,,,,
110,,,,,,,,,,0.0,,,,,,,,,,,,,,,,,,,,,2018-06-02 00:00:00,2019-07-18 00:00:00,,,,,,,,,,,,,,,,,,,0.0,0.0,,,,,,,,,,
111,,,,,,,,,,0.0,,,,,,,,,,,,,,,,,,,,,2018-06-02 00:00:00,2019-07-18 00:00:00,,,,,,,,,,,,,,,,,,,0.0,0.0,,,,,,,,,,
112,,,,,,,,,,0.0,,,,,,,,,,,,,,,,,,,,,2018-06-02 00:00:00,2019-07-18 00:00:00,,,,,,,,,,,,,,,,,,,0.0,0.0,,,,,,,,,,
113,,,,,,,,,,0.0,,,,,,,,,,,,,,,,,,,,,2018-06-02 00:00:00,2019-07-18 00:00:00,,,,,,,,,,,,,,,,,,,0.0,0.0,,,,,,,,,,
114,,,,,,,,,,0.0,,,,,,,,,,,,,,,,,,,,,2018-06-02 00:00:00,2019-07-18 00:00:00,,,,,,,,,,,,,,,,,,,0.0,0.0,,,,,,,,,,
115,,,,,,,,,,0.0,,,,,,,,,,,,,,,,,,,,,2018-06-02 00:00:00,2019-07-18 00:00:00,,,,,,,,,,,,,,,,,,,0.0,0.0,,,,,,,,,,
116,,,,,,,,,,0.0,,,,,,,,,,,,,,,,,,,,,2018-06-02 00:00:00,2019-07-18 00:00:00,,,,,,,,,,,,,,,,,,,0.0,0.0,,,,,,,,,,
117,,,,,,,,,,0.0,,,,,,,,,,,,,,,,,,,,,2018-06-02 00:00:00,2019-07-18 00:00:00,,,,,,,,,,,,,,,,,,,0.0,0.0,,,,,,,,,,
118,,,,,,,,,,0.0,,,,,,,,,,,,,,,,,,,,,2018-06-02 00:00:00,2019-07-18 00:00:00,,,,,,,,,,,,,,,,,,,0.0,0.0,,,,,,,,,,
119,,,,,,,,,,0.0,,,,,,,,,,,,,,,,,,,,,2018-06-02 00:00:00,2019-07-18 00:00:00,,,,,,,,,,,,,,,,,,,0.0,0.0,,,,,,,,,,
120,,,,,,,,,,0.0,,,,,,,,,,,,,,,,,,,,,2018-06-02 00:00:00,2019-07-18 00:00:00,,,,,,,,,,,,,,,,,,,0.0,0.0,,,,,,,,,,
121,,,,,,,,,,0.0,,,,,,,,,,,,,,,,,,,,,2018-06-02 00:00:00,2019-07-18 00:00:00,,,,,,,,,,,,,,,,,,,0.0,0.0,,,,,,,,,,
122,,,,,,,,,,0.0,,,,,,,,,,,,,,,,,,,,,2018-06-02 00:00:00,2019-07-18 00:00:00,,,,,,,,,,,,,,,,,,,0.0,0.0,,,,,,,,,,
123,,,,,,,,,,0.0,,,,,,,,,,,,,,,,,,,,,2018-06-02 00:00:00,2019-07-18 00:00:00,,,,,,,,,,,,,,,,,,,0.0,0.0,,,,,,,,,,
124,,,,,,,,,,0.0,,,,,,,,,,,,,,,,,,,,,2018-06-02 00:00:00,2019-07-18 00:00:00,,,,,,,,,,,,,,,,,,,0.0,0.0,,,,,,,,,,
125,,,,,,,,,,0.0,,,,,,,,,,,,,,,,,,,,,2018-06-02 00:00:00,2019-07-18 00:00:00,,,,,,,,,,,,,,,,,,,0.0,0.0,,,,,,,,,,
126,,,,,,,,,,0.0,,,,,,,,,,,,,,,,,,,,,2018-06-02 00:00:00,2019-07-18 00:00:00,,,,,,,,,,,,,,,,,,,0.0,0.0,,,,,,,,,,
127,12.041875000000001,0.5996750000000001,13.511111111111113,4.374407584480069,0.005182662109376813,0.008732759127506855,958.4569780750479,7.81,13.55,0.4,,,,0.6822808871271687,0.5432677809890675,,,,,,,,,,,,,,,,2018-06-02 00:00:00,2019-07-18 00:00:00,,,,,,,,,,,,,,,,,,,0.04,0.12649110640673517,,,,,,,,,,
128,15.769583333333332,0.4685416666666667,16.979166666666668,3.6844420824187467,0.004955793471610118,0.011458057505707256,1505.000276333915,11.02,23.67,0.0,0.0432742066936728,-0.005949275543185071,-7.273861561723032,0.44914152411814234,0.28683034770321814,,,,,,,,,,,,,,,,2018-06-02 00:00:00,2019-07-18 00:00:00,,,,,,,,,,,,,,,,,,,0.04,0.12649110640673517,,,,,,,,,,
129,11.962083333333334,0.8375125000000002,11.962499999999999,9.170658917571995,0.007264702187867407,0.008661632470535103,351.1875165839431,9.92,14.55,0.0,-0.04420049189814812,0.060547523413978246,-0.7300132095567069,0.7373966334590156,0.7073503864974778,,,,,,,,,,,,,,,,2018-06-02 00:00:00,2019-07-18 00:00:00,,,,,,,,,,,,,,,,,,,0.04,0.12649110640673517,,,,,,,,,,
130,15.075416666666664,0.7168166666666665,15.158333333333331,9.17576556770082,0.007215650170610855,0.011023425771609592,741.7457668196995,8.04,22.05,0.0,0.03614205246913576,-0.0012863125087761139,,0.40557719468930764,0.4630250066034071,,,,,,,,,,,,,,,,2018-06-02 00:00:00,2019-07-18 00:00:00,,,,,,,,,,,,,,,,,,,0.04,0.12649110640673517,,,,,,,,,,
131,18.2375,0.5654583333333334,18.30833333333333,8.11686683575918,0.006748131285371357,0.01380020419635529,1268.4160752136581,8.27,26.56,0.0,0.03670798128858029,-0.01225995226714765,-2.994137374167821,0.31430104962546646,0.340712508391391,,,,,,,,,,,,,,,,2018-06-02 00:00:00,2019-07-18 00:00:00,,,,,,,,,,,,,,,,,,,0.04,0.12649110640673517,,,,,,,,,,
132,19.730833333333333,0.5519416666666667,19.804166666666667,9.556691897735584,0.007482078686592077,0.014688683389182238,1277.483133139902,14.57,26.61,0.0,0.01733580246913579,0.019246623804198983,0.9007191414711232,0.4756074015608544,0.36400016928598145,,,,,,,,,,,,,,,,2018-06-02 00:00:00,2019-07-18 00:00:00,,,,,,,,,,,,,,,,,,,0.04,0.12649110640673517,,,,,,,,,,
133,15.859166666666665,0.8273916666666666,15.929166666666669,12.654995547391435,0.009090077816101825,0.0113720908611203,406.23306017113003,10.56,22.56,0.0,-0.04494538966049384,0.04216726467275329,-1.0658834527043834,0.4658752743051473,0.5448246686179291,,,,,,,,,,,,,,,,2018-06-02 00:00:00,2019-07-18 00:00:00,,,,,,,,,,,,,,,,,,,0.04,0.12649110640673517,,,,,,,,,,
134,8.423333333333334,0.954329166666667,8.558333333333332,7.731170231326413,0.006497634905234472,0.006804727086452855,87.19015335074648,7.55,9.14,0.0,-0.08632107445987652,-0.06798276464544811,1.269749397660842,0.8977510690665255,0.9091953166204261,,,,,,,,,,,,,,,,2018-06-02 00:00:00,2019-07-18 00:00:00,,,,,,,,,,,,,,,,,,,0.04,0.12649110640673517,,,,,,,,,,
135,9.262083333333333,0.9447208333333333,9.295833333333333,8.396304333821568,0.006795251285415082,0.007212422839817624,109.1925613199348,8.19,10.72,0.0,0.009736877893518509,0.007804524544642459,1.247593987029299,0.8435553260454777,0.8568541542958794,,,,,,,,,,,,,,,,2018-06-02 00:00:00,2019-07-18 00:00:00,,,,,,,,,,,,,,,,,,,0.04,0.12649110640673517,,,,,,,,,,
136,11.800833333333335,0.8012083333333334,11.887500000000001,8.253958645007726,0.006755602289231106,0.008635036650949788,446.3114463225397,8.28,15.31,0.0,0.029471831597222244,-0.0010397329733682161,,0.6286489534088313,0.6375358245114043,,,,,,,,,,,,,,,,2018-06-02 00:00:00,2019-07-18 00:00:00,13.816270833333334,3.720461397426603,0.7267595833333333,0.17215493845905513,14.139444444444445,3.7503849939547083,8.111526164321354,2.5559777266589156,0.006798758420741112,0.001164825871772484,0.01023890398992369,0.0026698132572689423,715.1216967330516,512.9199085738306,9.421,2.1797168521520303,18.472,6.540149165815035,0.04,0.12649110640673517,,,,,,,0.5900135313405936,0.19694660867600064,0.5653596163516182,0.21305592573399718
137,13.423333333333334,0.7740791666666667,13.541666666666666,9.16614312693864,0.007194668828283968,0.009708770414878384,536.16739800471,8.63,18.34,0.0,0.018835271990740726,0.011513833945194021,1.6358818513795519,0.5310811485297123,0.5652189553209305,,,,,,,,,,,,,,,,2018-06-02 00:00:00,2019-07-18 00:00:00,13.954416666666669,3.672594809010768,0.7442,0.16659427622331563,14.142499999999998,3.7498285969058425,8.590699718567212,2.2022031382672576,0.006999959092631828,0.0010193426238653055,0.010336505118660844,0.0026261174323344723,672.8927387260178,508.02025620665154,9.502999999999998,2.1271684361036285,18.951,6.311003529990736,0.0,0.0,0.0016037068383487649,0.044151827261041214,0.0052761732442841835,0.03422102100285903,,,0.574893557480848,0.19486899437699948,0.5675547337848046,0.21291605873461006
138,17.304166666666667,0.6979875,17.429166666666667,10.82441263870436,0.008141862145414906,0.013113053279561316,818.0926124940582,7.39,24.76,0.0,0.04505180362654321,0.024838664752200822,1.813777192775687,0.32941317482067956,0.4412793189999515,,,,,,,,,,,,,,,,2018-06-02 00:00:00,2019-07-18 00:00:00,14.107875000000002,3.787143076172083,0.7671445833333334,0.13770597308519722,14.1875,3.790136036191776,9.304696774195772,1.4707322221188326,0.007318565960012307,0.0007790136641096352,0.010502004696046249,0.002753702028330061,604.201972342032,422.19756588863976,9.139999999999999,2.14914453265066,19.059999999999995,6.4101967381837985,0.0,0.0,0.001781466531635805,0.04434140932160814,0.008354967273822773,0.03448283816795611,,,0.5629207225511017,0.2067684914044652,0.5829996309144778,0.1951503931639677
139,18.7775,0.7541625000000001,18.89166666666667,13.63701343647787,0.00971958330459633,0.01381784656521038,650.590091724269,13.31,26.14,0.0,0.01710362654320987,0.04137327221022162,0.4133979651477572,0.4505899796428604,0.4818690401333526,,,,,,,,,,,,,,,,2018-06-02 00:00:00,2019-07-18 00:00:00,14.789416666666668,3.9670596366192714,0.7588095833333333,0.1354779948313609,14.880416666666667,3.967414558540738,9.75133222608636,2.0062028442095694,0.0075640540716851975,0.0010863342770345745,0.011017626105513777,0.002851803654245621,634.1422298560647,412.77225552460436,9.479,2.5210379255818873,20.218999999999994,6.550395153474838,0.0,0.0,0.007911878375771604,0.041419337698219434,0.006437542153447111,0.03167714827681923,,,0.5342400571694862,0.19964675136822002,0.5604514962780653,0.19219006385182558
140,18.535833333333333,0.7364666666666667,18.4875,13.017627234858281,0.009341269654690232,0.013548142643808598,697.5480943172394,13.87,23.78,0.0,-0.002805459104938277,-0.00992068435370943,0.28278886868215813,0.5380265337912604,0.5336254331463597,,,,,,,,,,,,,,,,2018-06-02 00:00:00,2019-07-18 00:00:00,15.135458333333336,4.141852147879252,0.7607745833333333,0.13494269251827531,15.213333333333335,4.129687665677562,10.135518392802107,2.2381804283379876,0.007776616020093136,0.0012113529435316163,0.011270097792733677,0.002962002279376763,629.7224626058187,411.7273711562793,10.062000000000001,2.808953146241101,20.391999999999992,6.626528838271545,0.0,0.0,0.0040171272183642005,0.04028548338736753,0.00557410496895378,0.03202681847116561,,,0.5474849910796815,0.19448946000225373,0.5675115389323606,0.18949126644792144
141,16.403333333333332,0.6866416666666667,16.649999999999995,10.018624821254614,0.0076373865038226185,0.01186580234164135,804.0862628196205,10.4,22.99,0.0,-0.024755758101851856,-0.044681673314079934,0.5540472472424374,0.4490577574491214,0.4560662953593464,,,,,,,,,,,,,,,,2018-06-02 00:00:00,2019-07-18 00:00:00,14.952041666666668,4.028273419935167,0.7728929166666665,0.12007612593147494,15.047500000000003,4.023526108487308,10.32569419135165,2.125561529022251,0.007865541541938262,0.0011589703336494337,0.011076657607262282,0.0028390208008648252,583.289481366415,353.8028076021542,10.275000000000002,2.737826591375802,20.034999999999993,6.347605410266492,0.0,0.0,-0.0021292467206790143,0.03942318749389534,0.0023319328642605512,0.03548697220457318,,,0.5609606618620468,0.18071849908548973,0.5790469176291562,0.17726754825663768
142,17.75958333333333,0.6981208333333333,17.89166666666667,11.74194426216104,0.008565057097295362,0.012861785989104452,760.6066340439148,12.64,23.16,0.0,0.015744429976851843,0.024326711828520396,0.6472074848353829,0.5154585012664431,0.5001279219235271,,,,,,,,,,,,,,,,2018-06-02 00:00:00,2019-07-18 00:00:00,14.754916666666668,3.8107995438726823,0.787510833333333,0.09683838705177886,14.856250000000003,3.812209941404813,10.544219427794195,2.1499088680632443,0.00797383938300859,0.0011697057624066869,0.010893967867254505,0.0026319943779290525,531.6018314568163,268.61956885441293,10.082000000000003,2.4548129596094825,19.68999999999999,6.036680471178768,0.0,0.0,-0.002288383969907409,0.039339005723319755,0.002839941666692692,0.03579107518935858,,,0.5649457718326059,0.17905897221165862,0.5926596928929107,0.16362018362003025
143,18.592916666666667,0.6452625,18.39583333333334,11.414483553297067,0.008391602650785862,0.013497388332352506,906.6668068952098,14.02,23.94,1.2,0.009673996913580275,-0.004548571837138953,-2.126820738455174,0.5380840662981128,0.46471896344344393,,,,,,,,,,,,,,,,2018-06-02 00:00:00,2019-07-18 00:00:00,15.02829166666667,3.992538533919271,0.7692979166666665,0.10526477884880568,15.102916666666669,3.9660441709265863,10.420168228384757,2.047954808776549,0.007903991866476995,0.001115230683072633,0.011106497614377726,0.0027576974541122885,581.6452061292242,288.5444830802939,10.428,2.75513984319409,19.827999999999992,6.124710968237149,0.12,0.3794733192202055,0.0031735546875000025,0.036443513406422025,-0.001831641984296532,0.03302982562571164,,,0.5721666510319025,0.17605056614041165,0.5846491223754622,0.1681213281119704
144,20.403333333333336,0.5652833333333334,19.96666666666667,11.478450854759545,0.008448671447846936,0.014847089460855117,1127.2314720839588,19.63,21.68,0.0,0.02101675829475311,0.0014965400329312523,14.043565713098817,0.8812542763243446,0.5226095983420314,,,,,,,,,,,,,,,,2018-06-02 00:00:00,2019-07-18 00:00:00,16.22629166666667,3.564903518046231,0.730393333333333,0.10109169857527038,16.243750000000002,3.486084135575139,10.79489629072807,1.8327911553191851,0.008099095520738241,0.0010072976429296677,0.011910733851817951,0.0025268094873145777,685.6493380025455,277.7551376377916,11.636000000000001,3.802315668700382,21.081999999999994,4.8428660017711715,0.12,0.3794733192202055,0.013907337962962969,0.018589475096689363,0.005116288483541405,0.023501992388670713,,,0.5705169717576843,0.17270622100682811,0.5459905505476226,0.12380847542381201
145,20.862916666666667,0.5715374999999999,20.5625,12.051551028625255,0.008771614567984259,0.01528652880943288,1113.94051279143,19.87,22.33,0.0,0.005335209297839479,0.008468678726976077,0.6299931157908655,0.8596911485617194,0.5224386009355692,,,,,,,,,,,,,,,,2018-06-02 00:00:00,2019-07-18 00:00:00,17.386375000000005,2.8658330980824442,0.6930749999999997,0.0798248792931543,17.37041666666667,2.729658529327142,11.160420960208437,1.6573729442069065,0.008296731848995157,0.0009124757390698414,0.012718144448779476,0.0021151738088856864,786.124133149695,222.2386901953787,12.804000000000002,4.376706524317113,22.24299999999999,3.193524872474155,0.12,0.3794733192202055,0.013467171103395065,0.01875061019259518,0.005182703901774767,0.023511369857724642,,,0.5721305540093085,0.17559191139033817,0.5125489952115916,0.058397093956582546
146,21.470416666666665,0.57585,21.208333333333336,12.759326644942666,0.009200775118655571,0.015870677267602412,1102.68913369774,20.43,22.64,0.0,0.007052343749999979,0.011254064877994732,0.6266485777765106,0.873390940786422,0.5361888885538257,,,,,,,,,,,,,,,,2018-06-02 00:00:00,2019-07-18 00:00:00,18.353333333333335,2.358154423262104,0.6705391666666664,0.077687656101171,18.302500000000006,2.186797682671696,11.61095776020193,1.3663051474368286,0.008541249131937604,0.0007701251461348977,0.013441708510444739,0.0017731605977239439,851.761901887215,207.1413605816916,14.019000000000002,4.658648945778161,22.975999999999992,2.0684304301678567,0.12,0.3794733192202055,0.011225222318672836,0.01794747259294283,0.006412083686911062,0.023471234333299503,1.8520487278273994,4.411808015545692,0.5966047527470676,0.19974047084578694,0.5024143016158338,0.04027958148185169
147,20.78291666666666,0.7280416666666666,20.8625,15.502177754532632,0.010995383541287271,0.015263716527540163,671.5248558669574,16.84,22.59,1.7999999999999998,-0.007981047453703745,0.047060801807855976,-0.16959012909064905,0.6996771765796681,0.6518364541455812,,,,,,,,,,,,,,,,2018-06-02 00:00:00,2019-07-18 00:00:00,19.089291666666668,1.707163308114077,0.6659354166666664,0.07202808708341898,19.03458333333334,1.548022496506878,12.244561222961332,1.56173154529996,0.008921320603237934,0.000948846587435142,0.013997203121710915,0.0012734917137739608,865.2976476734397,187.74131940580142,14.840000000000003,4.314103486112597,23.400999999999993,1.3062197364915025,0.3,0.648074069840786,0.00854359037422839,0.018672803741071678,0.009966780473177258,0.026787271660069265,1.6715015297803792,4.458335169300561,0.6134643555520631,0.20070830714716942,0.5110760514982988,0.059846375726633316
148,19.042916666666667,0.8613500000000002,18.845833333333335,16.455536438091325,0.01161551963942274,0.013814470741521421,330.245811651871,15.86,24.34,6.000000000000001,-0.020199305555555495,0.016262100210949332,-1.242109278231801,0.5914168836770397,0.6229011451054063,,,,,,,,,,,,,,,,2018-06-02 00:00:00,2019-07-18 00:00:00,19.263166666666667,1.5896475243094683,0.6822716666666664,0.09497555279168637,19.176250000000007,1.446256942427088,12.807673602900028,1.9577646979523122,0.009268686352638719,0.001226889107500277,0.014067344867906928,0.0012382111576903889,816.5129675892209,253.30568465013218,15.687000000000006,3.429726422520214,23.35899999999999,1.2637286101057974,0.9,1.902629759044045,0.0020184794560185195,0.015654591454897324,0.009109124019052107,0.026392599277432635,1.3659128826796303,4.55126128672428,0.6396647264376992,0.17495740574229945,0.5292382341088443,0.063743337002148
149,18.66875,0.8619750000000002,18.8375,16.061801880438075,0.011330363720646221,0.013546064230043642,332.5438925409265,14.4,23.61,1.2,-0.00434362461419754,-0.0074777684137911195,0.580871775353014,0.5625664244330473,0.6362722987103326,,,,,,,,,,,,,,,,2018-06-02 00:00:00,2019-07-18 00:00:00,19.252291666666665,1.5937060118596735,0.6930529166666665,0.10911046554901377,19.17083333333334,1.4475420845073153,13.050152447296048,2.2062831967978354,0.009429764394243707,0.0013878462968259743,0.014040166634390255,0.001247245826961353,784.7083476708867,293.2678440665458,15.796000000000006,3.362450164851679,23.105999999999995,0.8207070122765704,1.02,1.8772320048411708,-0.00012624565972222147,0.014804325005870072,0.004224019956650833,0.024185925647056045,1.382660263700156,4.547673566716133,0.650862370916718,0.1648001686536231,0.5446785599665424,0.0694400868301696
150,14.954166666666666,0.8676333333333331,15.5,12.628829428980508,0.009041385104829776,0.010553982794967892,294.7116748310557,12.74,18.44,0.2,-0.04312184124228396,-0.06002488767069906,0.7183993659239071,0.6939230685449769,0.6952189563971978,,,,,,,,,,,,,,,,2018-06-02 00:00:00,2019-07-18 00:00:00,18.894125,2.095943755374761,0.706169583333333,0.12202865873815716,18.87208333333334,1.8551418055844642,13.01127266670827,2.210342073153815,0.009399775939257662,0.0013932005587341634,0.013740750649506184,0.0016671829270676708,744.4247057222683,331.717143029008,15.683000000000007,3.452158905831405,22.571999999999996,1.6508502859637537,1.0399999999999998,1.866190415436396,-0.00415788387345679,0.020142311292579543,-0.0007864003750481295,0.03151972459503467,1.4262213134243311,4.538043675771442,0.6664520243920895,0.16025111713251503,0.5608379122916262,0.0838824068431299
151,14.477916666666664,0.93085,14.6875,13.363892226263173,0.009522273631080741,0.01024380636771772,141.69365308492593,12.17,18.04,1.7999999999999998,-0.005528689236111135,0.012610550212609295,-0.43841776472076505,0.6854308902031007,0.7417000418044801,,,,,,,,,,,,,,,,2018-06-02 00:00:00,2019-07-18 00:00:00,18.701583333333332,2.4144231428343987,0.7305904166666665,0.14069475275618837,18.675833333333337,2.189923965645534,13.345799407209128,1.9442172589207016,0.009588264651983475,0.0012482333910074344,0.013578551052113818,0.0019283150753839971,678.1854447487989,380.9600723156738,15.860000000000005,3.186331921051396,22.07699999999999,2.171579302412559,1.22,1.841376296867826,-0.0022351769868827177,0.018832752217469148,0.004942821977620793,0.027620203470797574,1.326974812228011,4.569977586121926,0.6900893376674875,0.14088470035181258,0.5894012869361395,0.09243717269743502
152,16.065416666666668,0.9654249999999999,16.162499999999998,15.501852815418117,0.010902021465197734,0.011302240552983199,71.89338288110166,14.46,17.84,10.6,0.018428964120370414,0.03618173109372733,0.5093444554278213,0.8059595186880263,0.8626505507890527,,,,,,,,,,,,,,,,2018-06-02 00:00:00,2019-07-18 00:00:00,18.532166666666665,2.5438366177202365,0.7573208333333331,0.15815006130391498,18.50291666666667,2.322948990806494,13.721790262534835,1.9630574364391922,0.009821961088773711,0.001254132830305236,0.013422596508501694,0.002051834149831899,609.3141196325175,424.20375186867034,16.04200000000001,3.03012210975069,21.544999999999995,2.5031280430693035,2.28,3.4282486620560197,-0.0019667235725308605,0.019134241539230795,0.006128323904141487,0.028774913585639217,1.3131885092872548,4.572463369616888,0.7191394394096459,0.1304383101760653,0.6256535498226921,0.1203951082977236
153,18.28458333333333,0.8890833333333333,17.508333333333336,16.27307096970625,0.011489746929545514,0.01320151917808339,257.12459685480457,14.47,22.92,0.1,0.025761853780864152,0.01541218198148248,1.671525408395557,0.5891934927427123,0.6679582202217672,,,,,,,,,,0.14142135623730953,,,,,,2018-06-02 00:00:00,2019-07-18 00:00:00,18.50133333333333,2.5448868701965472,0.7817029166666664,0.15774888746709578,18.414166666666667,2.3443499849322564,14.207649004175755,1.9295115189784697,0.010131775516649677,0.0012441586606931317,0.013393009593074781,0.0020527688054920866,544.3598986284771,423.3422228679167,16.087000000000007,2.9999483328884136,21.442999999999994,2.4138813834431256,2.17,3.4839473143101474,-0.0003579378858024729,0.020823487028630405,0.008124399286003631,0.02864400580221961,1.6930231239723281,4.40982224083634,0.7242503820541059,0.12336533748259286,0.6459774755005244,0.10656972856258083
154,19.718749999999996,0.8671166666666666,18.39166666666667,17.236943459117583,0.012247322610840461,0.014524115664135516,317.75562465288516,14.81,24.64,0.30000000000000004,0.0166489486882716,0.019866238529957975,0.8380523903991813,0.5430025035433208,0.6423708292741901,,,,,,,,,,0.14142135623730953,,,,,,2018-06-02 00:00:00,2019-07-18 00:00:00,18.432875,2.4967907522599884,0.8118862499999997,0.13956684579310843,18.256666666666668,2.2804965143257436,14.783498264611557,1.8832363091631878,0.010511640632949031,0.001253045272406702,0.013360712213402823,0.002029760779390909,463.4123138853697,374.02508086562716,15.605000000000008,2.743717065102251,21.738999999999994,2.6189457166322914,2.2,3.4644223504391354,-0.000794718846450624,0.020366113703187257,0.009961369135706303,0.028760523298908405,0.37247179170236444,0.8010620907973204,0.6904252047760033,0.12189713463929591,0.6579535985937404,0.09750957955907583
155,19.789166666666663,0.8869166666666665,19.037499999999998,17.62344164280911,0.01257190920995561,0.014624048015174064,277.30707559265767,14.11,25.32,0.5,0.0008174527391975299,0.008511776395233641,0.09603785405538622,0.498329824005077,0.6336678069148443,,,,,,,,,,0.7071067811865476,,,,,,2018-06-02 00:00:00,2019-07-18 00:00:00,18.325499999999998,2.401962327908447,0.8434241666666663,0.11216346202634135,18.104166666666668,2.1568044778225888,15.340687326029942,1.8078949439385508,0.010891670097146167,0.0012429308579308914,0.013294464133976941,0.0019698482485319157,379.7489701654925,298.23658046981797,15.029000000000007,2.320892787987699,22.037999999999993,2.854045082568474,2.25,3.43260510076207,-0.001246494502314819,0.020264883013823204,0.00996567890253206,0.028760277993864873,0.3190762655288165,0.7997841324856482,0.6542890723203392,0.1196855499487259,0.6690765191916679,0.08599829094748089
156,18.222916666666666,0.9401708333333333,18.533333333333328,17.15569477144832,0.01211609440444679,0.013022574183311611,136.52004933839268,16.15,22.51,3.0,-0.018182277199074035,-0.011953031063835195,1.5211436414723205,0.6728770990104044,0.7213434509646923,,,,,,,,,,4.242640687119285,,,,,,2018-06-02 00:00:00,2019-07-18 00:00:00,18.000749999999996,2.1341197534144105,0.8798562499999996,0.06473604165917948,17.836666666666666,1.876729449314934,15.780324138680507,1.6368798552786141,0.01118320202572529,0.0011398866639853419,0.013009653825547859,0.0017495586750737408,283.13206172955773,164.54485349137315,14.601000000000008,1.4427169584579664,22.024999999999995,2.8512930789770063,2.55,3.344066054637345,-0.00376995659722222,0.02068348982440096,0.007644969308349068,0.02956968284225157,0.4085257718983975,0.8836317127709735,0.6342376881427374,0.09264087392559678,0.6875919754327546,0.07318609688493405
157,19.22375,0.8945208333333333,18.587500000000002,17.283249566013144,0.012303398445160025,0.014088923743803201,248.6491397171562,13.89,24.83,2.6,0.011618470293209868,0.004911755805140996,2.3654413521635473,0.5058369369915433,0.6353145166804305,,,,,,,,,,1.9798989873223332,,,,,,2018-06-02 00:00:00,2019-07-18 00:00:00,17.84483333333333,1.9579575998889682,0.8965041666666662,0.03668582348894018,17.609166666666667,1.5842818796142564,15.95843131982856,1.6989728496586736,0.011314003516112564,0.0011898902095350916,0.012892174547174163,0.001615708001025421,240.84449011457764,91.97391027182859,14.306000000000008,1.2181516052336498,22.24899999999999,2.9854441322300134,2.63,3.333683314960263,-0.0018100048225308592,0.02116316781636949,0.003430064708077571,0.026131087673610266,0.6620289200238171,1.047743987312433,0.6148536641839248,0.09757504581729806,0.6859397816862395,0.07426156546258321
158,23.025000000000002,0.7660166666666667,19.899999999999995,17.9836921441935,0.012908500051811836,0.018196166710207917,644.0921585045639,15.63,29.23,0.4,0.04412793692129633,0.01586784416318334,2.7809661140788244,0.4369276895269206,0.5305510502000172,,,,,,,,,,0.5656854249492381,,,,,,2018-06-02 00:00:00,2019-07-18 00:00:00,18.243041666666663,2.5454841477962713,0.886970833333333,0.054767158227995716,17.714583333333334,1.706099770666751,16.111246890438778,1.813517779124039,0.011443301557351472,0.0012921504810795056,0.01333034414404281,0.002329911484737701,272.22912479984694,156.666288780495,14.28300000000001,1.1873317424657068,22.737999999999992,3.6846040040507213,2.07,3.171067117969386,0.004622719425154323,0.024470494128318036,0.0033906391033009715,0.02610986481495479,1.0643364592548796,1.00695063100963,0.5994047447689129,0.11274833566765313,0.6767047721957006,0.08752901430865673
159,23.793333333333333,0.7483624999999999,20.583333333333332,18.51137944783297,0.013312648787418049,0.018836261754187254,675.7641190645078,17.19,29.16,0.0,0.008919425154320959,0.010598169108873554,0.8416005691825553,0.4845300322848295,0.545146389202669,,,,,,,,,,0.0,,,,,,2018-06-02 00:00:00,2019-07-18 00:00:00,18.755499999999998,3.0968403339552975,0.8756095833333329,0.07015195645733348,17.889166666666668,1.9108165551426992,16.356204647178266,1.965190662929061,0.011641530064028655,0.0014187488421841283,0.013859363896457172,0.002912165332801974,306.55114745220504,202.29833370031355,14.562000000000008,1.5035646533044895,23.29299999999999,4.210940908316485,1.95,3.2298090758846207,0.005949024402006173,0.024289278045469733,0.005198232855567439,0.02589868641239518,1.0904093386378337,0.9963612344353063,0.5916011055540912,0.11815237555124126,0.6675921812449342,0.09649086611801465
160,23.00916666666667,0.714025,20.416666666666664,17.020297034293765,0.012150786447476003,0.018075171439317424,764.2017316892151,16.05,29.69,0.2,-0.009103231095678982,-0.030468024455074006,0.2987798276551196,0.43706076820902034,0.48111533019444397,,,,,,,,,,0.28284271247461906,,,,,,2018-06-02 00:00:00,2019-07-18 00:00:00,19.560999999999996,3.0453794324099746,0.8602487499999996,0.08690868640457863,18.380833333333335,1.859622331563425,16.795351407709596,1.4673090632367534,0.011952470198293277,0.0010876777034407228,0.014611482760892126,0.002934791748813388,353.50015313802095,248.45820912914834,14.89300000000001,1.4199064914438648,24.41799999999999,4.272677536783376,1.95,3.2298090758846207,0.009350885416666671,0.01829576517056517,0.008153919177129943,0.01815777539004687,1.0484473848109548,1.0222686748675684,0.5659148755204956,0.12131454170353395,0.6461818186246588,0.11216095884185466
161,25.249166666666667,0.7407666666666667,21.474999999999994,19.635649151833377,0.014325443339549724,0.02073707965465215,719.61448187745,17.96,31.61,0.0,0.026003703703703685,0.05702697909323947,0.45598950035889974,0.4419755805549785,0.5115882540473632,,,,,,,,,,0.0,,,,,,2018-06-02 00:00:00,2019-07-18 00:00:00,20.638124999999995,2.951168209069982,0.8412404166666663,0.09046567324935066,19.059583333333332,1.5793774290117022,17.422527100266613,1.1419208306625008,0.012432787169140175,0.0009466600544403028,0.01566081008958557,0.003072322416566778,411.29223601727335,260.63209382007545,15.472000000000012,1.365632128763485,25.774999999999988,4.17576939018427,1.77,3.2887180886580514,0.012504124710648153,0.018163151473949143,0.012595562065192962,0.02389508497570381,1.1378881113189212,0.910771414724545,0.5415693445556833,0.1190727063371119,0.6231706398489472,0.11397722938992531
162,24.905833333333334,0.7159583333333335,12.241666666666667,18.794708136455288,0.013569456009937834,0.02011601409769637,781.477192229408,19.19,30.37,0.0,-0.003985686728395066,-0.019824586488869284,0.20104766021893422,0.5124073711765411,0.5199793721136502,,,,,,,,,,0.0,,,,,,2018-06-02 00:00:00,2019-07-18 00:00:00,21.522166666666664,2.7461674387866197,0.8162937499999996,0.08673508210958847,18.6675,2.560457858361362,17.75181263237033,0.9913767151782005,0.012699530623614185,0.0008368418831325088,0.016542187444056885,0.0029445984299087233,482.250616952104,254.48339762656317,15.945000000000011,1.743134150507826,27.02799999999999,3.3230367637649185,0.71,1.1189777080492331,0.010262659625771605,0.01872511428592207,0.0069949303069333,0.024312465197629602,1.1070584317980328,0.9391863701557389,0.5122141298045348,0.0744876982630701,0.5889035219814069,0.08060378795764633
163,24.521250000000006,0.7330375000000001,21.537499999999994,18.93535060990543,0.01369066276736639,0.019725377021284848,715.6156399277116,17.56,30.37,0.0,-0.004464549575617224,0.003178457828005401,-1.4046275952696508,0.4625950629617764,0.5202773698477775,,,,,,,,,,0.0,,,,,,2018-06-02 00:00:00,2019-07-18 00:00:00,22.145833333333332,2.6351444047624097,0.8006891666666662,0.08622001554754251,19.070416666666667,2.6723546470421744,18.01804059639025,0.9037429620863267,0.012919622207396272,0.0007700723143323178,0.01719457322837703,0.0028431691731870172,528.0997212593946,250.69066870321433,16.254000000000012,1.7264105344133256,27.77299999999999,3.129185374999537,0.7,1.125462867742277,0.007240019290123469,0.018381667408967045,0.005771557891585592,0.024149103069695366,0.7994431314315119,1.2010324883050907,0.49955428682644126,0.07060789062487613,0.5741354369440079,0.07799692001338267
164,26.634166666666662,0.7267625000000003,22.395833333333332,20.8611233575654,0.015548805554704078,0.02263659273244308,743.2748677602907,19.1,33.42,6.199999999999999,0.024528419174382598,0.04872689124982566,0.503385677707694,0.42857696491744257,0.49190916051524913,,,,,,,,,,8.768124086713188,,,,,,2018-06-02 00:00:00,2019-07-18 00:00:00,22.837374999999998,2.827798086111863,0.7866537499999995,0.08562685833006371,19.470833333333335,2.853217941808301,18.38045858623503,1.2252120419244237,0.013249770501782634,0.0010907561947301368,0.018005820935207785,0.003138568371232113,570.6516455701352,247.10801606737493,16.68300000000001,1.8558798452485998,28.650999999999993,3.37458293719385,1.2899999999999998,2.0550479853819046,0.00802796633873457,0.01898866177260495,0.00865762316357236,0.02751124926626495,0.7659764601623631,1.2044948457916513,0.48811173296385346,0.07204163940000619,0.5590892700681137,0.07788374254581022
165,25.483750000000004,0.6090791666666666,22.425,16.055196228844235,0.011585140719577591,0.02098740838072057,1194.1910609386503,17.09,31.75,0.0,-0.013354952739197427,-0.10394091707488726,0.12848600065338528,0.4150335784485667,0.4231768804950854,,,,,,,,,,0.0,,,,,,2018-06-02 00:00:00,2019-07-18 00:00:00,23.40683333333333,2.71696065496306,0.7588699999999996,0.09413249666422699,19.809583333333336,2.99368744940969,18.223634044838544,1.4180633091693928,0.013151093652744833,0.0011982332764238926,0.018642156971762438,0.003019561095524988,662.3400441047345,292.1651142699257,16.981000000000012,1.6212440353698099,29.293999999999993,3.280651019403157,1.2399999999999998,2.08230641357126,0.006610725790895072,0.020083922529253128,-0.00258764618343973,0.04500082553736437,0.769221274822163,1.2025316611049528,0.47978210840820246,0.0754631338229448,0.5380401774261379,0.08371411181132099
166,25.428749999999997,0.6970875,21.97083333333333,18.756631793355712,0.013754011237463289,0.021522470723591567,854.9688539053346,14.43,32.89,2.2,-0.0006384837962963754,0.05687524047136822,-0.01122604126162415,0.3281946616125816,0.4525990440360834,,,,,,,,,,3.111269837220809,,,,,,2018-06-02 00:00:00,2019-07-18 00:00:00,24.127416666666665,2.067194244562689,0.7345616666666663,0.07054271897117126,20.153333333333336,3.0280178294238373,18.383727747029287,1.3737792282918677,0.013314885336046484,0.0011520935473863408,0.019492146625790435,0.002393310477134351,734.1849245614287,230.27674388246214,16.80900000000001,1.8005273918740732,30.331999999999994,2.426661172154921,1.1599999999999997,2.0216604836399,0.008365105131172838,0.018370734791848354,0.004295180970080612,0.048534134666588555,0.6159843065487685,1.1936701874143336,0.4453138646684202,0.05277272176536061,0.5111657367332769,0.05730058580921347
167,26.24666666666667,0.6776375,22.912499999999994,19.073952423584938,0.013893297443936956,0.022001546850723846,917.3797209605926,19.08,32.76,0.4,0.009495027970679078,0.0036525631300742996,2.5995520494907733,0.4442299260511579,0.46523651803452776,,,,,,,,,,0.5656854249492381,,,,,,2018-06-02 00:00:00,2019-07-18 00:00:00,24.829708333333333,1.2460054546342942,0.7128733333333329,0.044392272251464145,20.585833333333333,3.0878009424983714,18.562798032786464,1.3304185021429238,0.01347387523592418,0.0011057703614751097,0.0202834089364825,0.0015773651339742161,801.0579826857723,159.97975045206678,17.328000000000014,1.6027878489958836,31.124999999999993,1.5752548294728772,0.9399999999999998,1.9664971678370435,0.00815276089891976,0.01834119986123475,0.004169261702573942,0.048533990708749385,0.6393953762814911,1.2334277847358048,0.4391531635743816,0.04833130078773729,0.49415793686868675,0.03852003117035
168,22.410833333333333,0.83445,21.804166666666664,19.310944109362406,0.013947896118610775,0.017008680364815138,398.06282215531746,18.8,27.07,6.0,-0.044529407793209914,0.0014317649328917446,,0.6056969612966921,0.6315282579505093,,,,,,,,,,2.2627416997969525,,,,,,2018-06-02 00:00:00,2019-07-18 00:00:00,24.768291666666666,1.3551970075963746,0.7197166666666663,0.05698384216378252,20.77625,3.099498447329826,18.695523229303355,1.3324296796698731,0.013577814842604074,0.0010955244868147437,0.020164660301943225,0.0017832237230426535,776.4550490508478,200.57015148708948,17.645000000000017,1.5419702403815012,30.908999999999992,1.9640742801069475,1.4999999999999998,2.5161699289020834,-0.0007129735725308645,0.020338200625725007,0.002725653779544783,0.048361751766906276,,,0.45603009075135875,0.07141958091150623,0.5042556576437359,0.057620060144931706
169,22.770416666666662,0.8323624999999999,21.558333333333337,19.473280926606964,0.014125096562982243,0.017593677802423206,423.45587937022384,17.65,29.08,0.1,0.004174329668209833,0.0046468047779474,0.8983225824377606,0.5011387766814778,0.5726226642111766,,,,,,,,,,0.14142135623730953,,,,,,2018-06-02 00:00:00,2019-07-18 00:00:00,24.666,1.4706519823147968,0.7281166666666663,0.06698865941313573,20.87375,3.1080789104990387,18.791713377180752,1.352232406034164,0.013659059620160494,0.0011037694111408326,0.02004040190676682,0.0019238239825132648,751.2242250814194,228.56053820959056,17.691000000000017,1.5337278477979963,30.90099999999999,1.9721361796567087,1.5099999999999998,2.5097365952979573,-0.001187483121141977,0.020142913495671197,0.0021305173464521675,0.04829067514712104,,,0.4576909651910236,0.07234314117689711,0.5070032851445867,0.06037580739803665
170,22.860416666666662,0.8560833333333334,21.754166666666663,20.081304051912785,0.014676342334294538,0.017695006485697395,357.8109436188493,17.61,28.89,6.2,0.001044791666666665,0.014455559031147284,0.0722761163657151,0.505409770556335,0.5987217612728131,,,,,,,,,,4.525483399593904,,,,,,2018-06-02 00:00:00,2019-07-18 00:00:00,24.651125,1.489898471585477,0.7423224999999996,0.07785039792313261,21.0075,3.1149943522926034,19.097814078942655,1.2492194972896697,0.013911615208842348,0.0010048159101725758,0.020002385411404817,0.001970171588495241,710.5851462743829,259.96784496259585,17.847000000000016,1.423657652355746,30.820999999999987,2.041717414335257,2.11,2.85519020576758,-0.00017268084490741232,0.019954555105094363,0.006622875695074297,0.04699330052145996,,,0.46452586542575497,0.07339852513190734,0.5187639282524236,0.06596809705318639
171,22.115000000000006,0.8908124999999999,21.425,20.054962421756958,0.014615855666499056,0.016787620215870682,265.18871347517705,17.86,28.62,0.1,-0.008653390239197414,-0.0015861683525180937,5.455530760943425,0.5215496221699651,0.6048033051420026,,,,,,,,,,0.14142135623730953,,,,,,2018-06-02 00:00:00,2019-07-18 00:00:00,24.337708333333335,1.6690034688668356,0.757327083333333,0.09088554730702676,21.002500000000005,3.1142005989291013,19.13974540593501,1.2760280471649905,0.013940656441537283,0.0010221525265881493,0.019607439467526667,0.002190111652113846,665.1425694341555,295.5025285247134,17.837000000000014,1.4231268390413987,30.521999999999984,2.130345824821216,2.12,2.8471428173209414,-0.0036383902391975225,0.017795961878774486,0.0007615609504985403,0.04353618840121504,,,0.4724832695872537,0.0749785762730694,0.5280854333618875,0.07121835590442162
172,23.142916666666675,0.8302708333333335,21.474999999999998,19.745951227480173,0.01442905034951489,0.018244313028098428,437.1517311738747,16.27,29.82,0.0,0.01193287519290127,-0.0048986775546019734,-2.4359380791844827,0.43993218125154304,0.5597823876844573,,,,,,,,,,0.0,,,,,,2018-06-02 00:00:00,2019-07-18 00:00:00,24.16141666666667,1.6952261994447742,0.7687583333333329,0.0922823727031786,21.925833333333337,0.49775266553719344,19.234869715037497,1.2828863565018898,0.014026615875494988,0.001023610749290177,0.019420269360566875,0.0022215720281054787,630.7100233286021,300.4599760436013,17.545000000000016,1.414207669804295,30.466999999999985,2.141775224226614,2.12,2.8471428173209414,-0.002046534047067889,0.018460979761102135,0.0022541518439252715,0.04300460939421706,,,0.46523575059475386,0.07418928961940638,0.5320657349189682,0.07182466973205863
173,23.921666666666667,0.7836833333333333,21.741666666666664,19.45251958460316,0.014183396390572775,0.019213683732414184,574.0900062178683,16.39,30.61,1.4,0.009040350115740644,-0.006441891238946123,-1.403368945611013,0.42364619811719884,0.5292291996022129,,,,,,,,,,0.8485281374238571,,,,,,2018-06-02 00:00:00,2019-07-18 00:00:00,24.101458333333333,1.6916847888328785,0.7738229166666661,0.091490500085543,21.946250000000003,0.4840529843588043,19.28658661250727,1.2798910556862981,0.014075889237815628,0.0010174831525367205,0.01936910003167981,0.002219655739560858,616.5574599576178,299.34738032091315,17.428000000000015,1.4604702439054664,30.490999999999985,2.141912177886299,2.26,2.7645373332018277,-0.0006960440779321022,0.018756047716327152,0.0012921169372301189,0.04308915766494783,,,0.46134086411029607,0.07535653955617305,0.5329609178944118,0.07171712603077762
174,21.080833333333334,0.8996124999999999,20.816666666666666,19.26862233212252,0.013874018849199797,0.015605491668369324,232.8349107631806,18.35,24.88,2.1,-0.032978655478395055,-0.008112942620097935,4.064943759949452,0.67045216089471,0.7146256272764704,,,,,,,,,,2.6870057685088806,,,,,,2018-06-02 00:00:00,2019-07-18 00:00:00,23.546125,1.6793447664257717,0.7911079166666661,0.09772707384539986,21.788333333333334,0.5708884131307196,19.127336509962984,1.15521238220799,0.0139084105672652,0.0008761167995202725,0.018665989925272432,0.0021829247853130565,565.5134642579067,318.2609839764753,17.353000000000016,1.382228876368391,29.636999999999983,2.51442969014179,1.85,2.394554006258555,-0.006446751543209868,0.01897744574309251,-0.004391866449762241,0.039756760758708355,,,0.4855283837080228,0.09883272781971074,0.5552325645705339,0.08984348915340364
175,22.08458333333333,0.8786708333333334,20.941666666666666,19.796861665883288,0.014353082632307404,0.01667553062624817,294.053210567535,18.97,26.23,3.4,0.011652329282407368,0.012562699174835877,0.9275338938106505,0.6432459333802536,0.685005085707571,,,,,,,,,,4.242640687119285,,,,,,2018-06-02 00:00:00,2019-07-18 00:00:00,23.206208333333333,1.5849314601617697,0.8180670833333327,0.07689824484087052,21.64,0.5797216232760556,19.501503053666887,0.4243757291369084,0.01418520475853818,0.0003235610941185479,0.018234802149825192,0.0020976219647716433,475.49967922079514,237.8236552792289,17.541000000000015,1.4676924443189971,29.084999999999987,2.60335360640845,2.19,2.343525359604866,-0.003946023341049388,0.019603310632944276,0.007258495175210072,0.0189898651023685,,,0.5083496192011915,0.1067751494217131,0.5814153850917825,0.08511004349302971
176,24.343749999999996,0.8281916666666667,21.6875,20.889450769542766,0.015521201001653632,0.01956082500458536,445.2876564455248,16.96,29.59,0.0,0.026226205632716035,0.03063207905115273,0.8561679926759364,0.46580058472538466,0.6082851159860247,,,,,,,,,,0.0,,,,,,2018-06-02 00:00:00,2019-07-18 00:00:00,23.09770833333333,1.4470144237946556,0.8311774999999993,0.06408993497759292,21.611666666666668,0.568572503167382,19.714784951285594,0.5309872172947153,0.014361923734957215,0.000497648713382408,0.018038637577924573,0.0018307535707570671,434.5315594748141,196.96950201675594,17.794000000000015,1.0223198021058488,28.754999999999985,2.2530238939404423,1.97,2.4436084429020593,-0.0012595543981481477,0.02182216131351809,0.004634179033188523,0.011837639811421321,,,0.5221102115124718,0.08823545860037049,0.5969839922867767,0.0721864814567098
177,26.39958333333333,0.7792083333333332,23.033333333333335,21.523148492661488,0.016119790489046413,0.02232437474378562,627.579315601578,19.03,33.45,0.0,0.023865750385802454,0.015697074010801622,1.5203948436109636,0.4259911169168212,0.5192814598788454,,,,,,,,,,0.0,,,,,,2018-06-02 00:00:00,2019-07-18 00:00:00,23.112999999999992,1.4843164631083028,0.8413345833333328,0.040909489736509035,21.62375,0.5997203888088902,19.95970455819325,0.7300824196329387,0.014584573039468163,0.0007152036208804955,0.01807092036723075,0.0019095490769960477,405.55151893891264,126.88556704689857,17.789000000000016,1.0154303958858302,28.823999999999984,2.3953761012973636,1.9300000000000002,2.4752328734439883,0.0001775178433641899,0.023047845529159842,0.005838630121261255,0.012329208760831049,,,0.5202863305990382,0.09019099576654428,0.6023884864712084,0.06261539919111327
178,26.198333333333334,0.7682083333333334,23.083333333333332,21.29211869831922,0.015891623461518962,0.02191379616821997,631.94725642682,18.99,31.95,0.0,-0.002336270254629567,-0.005983323785926876,0.3904636182525522,0.46244304003671793,0.5505596072559186,,,,,,,,,,0.0,,,,,,2018-06-02 00:00:00,2019-07-18 00:00:00,23.491749999999993,1.7454858091306742,0.8347104166666661,0.04705024768576313,21.75166666666667,0.7580081720462442,20.157822017088932,0.7999385463036363,0.01477894577375898,0.0007837843864339668,0.018561431947571233,0.0022123573046695785,428.9399623660629,145.53666229092448,17.808000000000014,1.03797666426347,29.311999999999983,2.493421567066225,1.33,2.0736709264276034,0.004396831597222225,0.017030732016030482,0.0050971212493793935,0.012836251950964675,1.034632654325096,2.3179202233645873,0.5059609384730408,0.08641530425638828,0.5942916214017493,0.0636550671301361
179,22.70291666666667,0.7183583333333333,21.883333333333336,16.849876121022902,0.012038611081075902,0.017361606920972394,744.957335008983,16.48,26.71,0.0,-0.04057758005401231,-0.10103922934527482,0.4016022322908776,0.5344215772600664,0.5652559603264853,,,,,,,,,,0.0,,,,,,2018-06-02 00:00:00,2019-07-18 00:00:00,23.484999999999992,1.7487127651151184,0.8233099999999993,0.059773769653421044,21.784166666666668,0.7557618182509126,19.895481536530525,1.3142297858486918,0.014570297225568346,0.0011631105302701357,0.01853822485942615,0.0022248188418466687,461.0901079299389,176.42400525913823,17.691000000000013,1.120430968670323,29.07499999999998,2.626980734184714,1.32,2.080491394946023,-7.835937499998954e-05,0.022193060354044374,-0.005471482162942828,0.03594856298950739,0.9849606193104077,2.3264723277443213,0.5092892185308997,0.08684879806108976,0.5935549510132802,0.06397552241792469
180,20.607083333333332,0.7125624999999999,20.533333333333335,14.330711670018593,0.010202465456197334,0.015696841272835906,795.5917052658086,12.4,26.75,0.0,-0.024330102237654378,-0.048150050034901574,0.5052975483933807,0.40950984333409357,0.4920392675445443,,,,,,,,,,0.0,,,,,,2018-06-02 00:00:00,2019-07-18 00:00:00,23.259666666666657,1.9693912173500034,0.8089579166666659,0.06773086139323369,21.662083333333335,0.8534390532384792,19.320422298341107,2.1901294166695924,0.014122909537758624,0.0018024855160161499,0.018338408338140003,0.0023923848387443682,504.8681840946348,200.6069678632878,17.170000000000016,2.015826271174058,28.860999999999983,2.728912888964293,0.7000000000000001,1.2036980056845208,-0.002615848765432094,0.02346459363583227,-0.011732043069547716,0.03751017578277564,1.0282627625131742,2.311579410260616,0.49969922580867543,0.09243954031080599,0.5828867016404533,0.0714737168730777
181,22.28708333333334,0.7270083333333331,20.825000000000003,16.375122008944263,0.011671678896559538,0.01764086274792378,753.7111350048009,13.98,29.99,0.0,0.019502777777777855,0.038527826827498224,0.5061997881452857,0.37597521048629823,0.4608118657296806,,,,,,,,,,0.0,,,,,,2018-06-02 00:00:00,2019-07-18 00:00:00,23.27687499999999,1.9590023310608569,0.7925774999999994,0.0655062398721782,21.602083333333333,0.8921711319605128,18.952438257059836,2.3558702994691987,0.013828491860764671,0.001947628312825626,0.01842373259134531,0.002345690391578501,553.7204262475972,195.16362079754117,16.782000000000018,2.2302605727183913,28.997999999999983,2.7497789810172617,0.6900000000000002,1.2096372275282476,0.000199768036265433,0.024332851921774864,-0.007720643551546083,0.04072307845907614,0.5333296652333603,1.7098685602804131,0.48514178464030877,0.09978678309748465,0.568487557699221,0.08050190089133893
182,24.681250000000002,0.7614208333333333,21.895833333333332,19.534584593361,0.014428328532126751,0.020817241644360704,662.1328239106298,14.97,34.31,0.0,0.027793393132716008,0.0722888294276946,0.38447701190839967,0.3138412509169943,0.43664330288924946,,,,,,,,,,0.0,,,,,,2018-06-02 00:00:00,2019-07-18 00:00:00,23.43070833333332,2.007123108637168,0.7856924999999993,0.06471778513045193,21.644166666666667,0.8954299263964871,18.93130159364792,2.3488977970418263,0.013828419679025858,0.0019476035954782628,0.01868102545297154,0.0024620467718060686,576.2185355212727,193.19043225452512,16.652000000000015,2.300211584470714,29.446999999999985,3.2245104710293075,0.6900000000000002,1.2096372275282476,0.0017858198302469065,0.025663151021791824,-1.8928533164256321e-06,0.04798504769841258,0.8153711743426486,1.3631249427805345,0.47253269160685385,0.11319927908710363,0.5561736492197003,0.0907473957661604
183,26.074166666666667,0.73015,22.833333333333332,20.17972715820874,0.014938694167913545,0.02222648960339715,757.8808352642872,16.45,33.73,0.0,0.01617008584104936,0.013383541352202741,1.2082068127945815,0.35640414066212833,0.46988245554978075,,,,,,,,,,0.0,,,,,,2018-06-02 00:00:00,2019-07-18 00:00:00,23.64595833333332,2.1740999366028326,0.780339166666666,0.06707365452951276,21.753333333333334,0.9719162216854422,19.00402235100848,2.3779053074122505,0.013903949456759934,0.001977318368896153,0.018982306040069834,0.0027066576362065617,594.5976184259146,201.5279527506959,16.658000000000015,2.299530386839874,29.758999999999986,3.4895923034710377,0.5500000000000002,1.1993053545004029,0.002498793402777778,0.0259841222227061,0.0019806504057984604,0.04809882733092487,1.0765287501832081,1.1191497671313153,0.4658084858613468,0.1183077403038779,0.5502389748144572,0.09456553969595732
184,23.33458333333333,0.7458916666666666,22.23333333333333,17.95085708767941,0.012868576112080867,0.018299046034024567,687.2290643488251,17.5,29.1,1.4,-0.03180326485339509,-0.05428561145474974,0.5858507254708734,0.49584140863271636,0.5303546452778276,,,,,,,,,,1.979898987322333,,,,,,2018-06-02 00:00:00,2019-07-18 00:00:00,23.871333333333318,1.98744794558745,0.7649670833333326,0.05279664229563167,21.895,0.9221925196019928,18.87224582656417,2.398040780329396,0.01380340518304804,0.0020043869109643737,0.01925166147663536,0.0024556602520069484,640.037033784479,157.26218910398399,16.573000000000015,2.245103561085755,30.18099999999999,3.0631155163765067,0.48000000000000026,1.1163432367431736,0.002616332465277775,0.02580786946379442,-0.00263661647766672,0.05128601150448882,0.7286194467353502,0.390469465375317,0.44834741063514744,0.09541985815959136,0.5318118766145928,0.07487812857842872
185,20.755,0.7678958333333333,21.016666666666666,16.191047593312735,0.011462078606991855,0.015446702278208872,581.5195376455051,16.81,26.83,0.2,-0.02994585744598764,-0.03688319941860763,0.8119105153030706,0.5419085363150062,0.5325903018669621,,,,,,,,,,0.28284271247461906,,,,,,2018-06-02 00:00:00,2019-07-18 00:00:00,23.738374999999984,2.157463086479494,0.7538895833333327,0.03486528628439578,21.902499999999996,0.9138449837477814,18.511664419307117,2.5119517922696737,0.013514304780516484,0.0021213721033983674,0.01912877864183143,0.0026238789752760375,668.7836664922761,104.37026375265343,16.357000000000017,2.0872206399899205,30.240999999999985,2.981924993467561,0.16000000000000028,0.4402019738458485,-0.0015434862075617256,0.027487413676831496,-0.00758120633701107,0.05203590036631982,0.7170571088845922,0.3856064774116659,0.43821367092862273,0.07578175333491903,0.516570398230532,0.052355650501609396
186,21.83875,0.7601458333333335,20.849999999999998,16.63346982166484,0.011877216177844584,0.017153836577772242,663.8553350227018,13.09,29.27,0.0,0.012581032986111134,0.010886334143158363,1.155672131744902,0.3698465895072077,0.4886939134834774,,,,,,,,,,0.0,,,,,,2018-06-02 00:00:00,2019-07-18 00:00:00,23.487874999999985,2.2237709833047767,0.7470849999999993,0.023559879320154044,21.818749999999998,0.9722485115493223,18.086066324519322,2.423301831444883,0.01314990629813558,0.0020501094962806225,0.01888807979915012,0.0026894245700149503,690.6404343499938,69.39020626907309,15.970000000000017,2.309891772356429,30.208999999999985,2.9913893093343513,0.16000000000000028,0.4402019738458485,-0.0029080034722222155,0.026267318899821434,-0.009555780827810507,0.050784314911675836,0.7470075227914887,0.40856010385445934,0.42861827140680503,0.0779445460539807,0.5046112779802773,0.041640432584345306
187,24.105833333333337,0.7032000000000002,21.90416666666667,17.50052237693964,0.01253700261543623,0.019605803556830958,842.8929298249894,15.95,31.9,0.0,0.02631810860339509,0.017301868409532177,1.521113672838684,0.3827173807270328,0.44612778087156996,,,,,,,,,,0.0,,,,,,2018-06-02 00:00:00,2019-07-18 00:00:00,23.258499999999987,1.996778367848737,0.739484166666666,0.02429419050163233,21.70583333333333,0.8763552115381749,17.68380371294714,2.1019224452828555,0.012791627510774561,0.0017669289881591908,0.018616222680454653,0.0024281905054349263,712.171795772335,80.21022999880259,15.662000000000015,2.046909866115241,30.053999999999984,2.8411820701171906,0.16000000000000028,0.4402019738458485,-0.0026627676504629516,0.02655492987289211,-0.009395301387937451,0.05087543489083492,0.7470794057142607,0.40871132953591244,0.4242908977878262,0.07929613871512135,0.49729591007954965,0.045062043345443725
188,23.137500000000003,0.7919458333333335,22.074999999999992,18.717013613582168,0.01350447128977809,0.018352049435566495,565.9935892308164,17.79,32.1,4.3999999999999995,-0.011241184413580251,0.025370354314811598,-0.44308346166917645,0.4252773034879923,0.4685902625193082,,,,,,,,,,6.2225396744416175,,,,,,2018-06-02 00:00:00,2019-07-18 00:00:00,22.952416666666654,1.7100768519298177,0.741857916666666,0.028250213484525565,21.604999999999997,0.7490060285900194,17.42629320447343,1.736764896109379,0.012552912293600473,0.0014308763535486818,0.018260048007189306,0.0021341710541020673,705.5764290527347,89.69097049869627,15.542000000000012,1.8564410395520903,30.06899999999999,2.852676910474687,0.6000000000000002,1.4047538337136996,-0.0035532590663580202,0.02669172070757851,-0.006259933577863604,0.05206138768610384,0.6637246977220879,0.5500744712820403,0.4205743241329536,0.07817228578015972,0.48909897560588866,0.04162048797234072
189,21.589166666666667,0.7404375,20.587500000000002,16.190296369086457,0.0114705835433715,0.016332823945437714,686.8230246354118,16.74,26.64,0.0,-0.017974286265432123,-0.05333552819990905,0.3370039984991238,0.545577996181514,0.5466287614993168,,,,,,,,,,0.0,,,,,,2018-06-02 00:00:00,2019-07-18 00:00:00,22.84104166666665,1.7635640038728946,0.7440658333333328,0.02704668651689489,21.475416666666664,0.805468026853919,17.36033522927979,1.7732298753435134,0.012496109539830033,0.0014644425754195068,0.01815716970963584,0.002205884341463402,699.7629980153775,88.73375051243394,15.568000000000016,1.8727863970268475,30.06199999999999,2.861906124712429,0.6000000000000002,1.4047538337136996,-0.001292929687500001,0.02403263147577261,-0.001489563463327026,0.04396832847855291,0.6572648743429125,0.5538610185518917,0.42168996602509834,0.08003501371939568,0.48723625572317186,0.03810144042348246
190,19.71166666666667,0.8340958333333331,20.095833333333335,16.570283076436876,0.01170939350590342,0.014418649980279113,400.8773078747308,16.21,24.67,3.2,-0.02179551504629627,0.006262418126833147,-3.4803672646684296,0.5929499663050838,0.6165291120899363,,,,,,,,,,4.525483399593905,,,,,,2018-06-02 00:00:00,2019-07-18 00:00:00,22.751499999999986,1.9065286347666548,0.7562191666666661,0.036847455877300456,21.431666666666665,0.8714991695171779,17.58429236992162,1.462231673475458,0.012646802344800642,0.0012663317202440687,0.01802935058038016,0.0023933534818800705,660.2915582762697,122.67059568291367,15.949000000000016,1.5088733839818405,29.853999999999992,3.186538351670433,0.9200000000000003,1.6033298683261252,-0.0010394709683641905,0.02377465656935915,0.003951683352846446,0.04080542682470101,0.2586983930367314,1.4247499390831702,0.4400339783221973,0.09630220675050094,0.4996852401777111,0.05598539443117142
191,17.210833333333333,0.8125333333333334,18.633333333333336,13.62116321832277,0.009718477805557882,0.012279291509578514,454.6294042490735,12.08,21.73,0.0,-0.029031664737654356,-0.052208653435779934,0.5560699774294161,0.5419886662617933,0.6133642626761714,,,,,,,,,,0.0,,,,,,2018-06-02 00:00:00,2019-07-18 00:00:00,22.24387499999999,2.595297794543264,0.7647716666666662,0.03916656037219589,21.212499999999995,1.2390803912778932,17.30889649085947,1.9069744509905362,0.012451482235700476,0.001551883574130317,0.017493193456545632,0.0030109223376530614,630.383385200697,133.35724432373883,15.759000000000018,1.8625397833185637,29.02799999999999,4.089883997268258,0.9200000000000003,1.6033298683261252,-0.005892915219907412,0.024067332336960828,-0.005121964673481369,0.04232271332759707,0.2636854119651445,1.4257994137910877,0.4566353238997468,0.09832046307384648,0.5149404798723601,0.06437204106713586
192,17.32791666666667,0.7342416666666667,17.39583333333333,11.848428620895014,0.008659565448014961,0.012862417074916394,693.0946516530557,9.46,24.32,0.0,0.001359196566358067,-0.027768322026004443,-0.04894773854485007,0.3891636086300841,0.4773107812817388,,,,,,,,,,0.0,,,,,,2018-06-02 00:00:00,2019-07-18 00:00:00,21.508541666666655,2.8565486967975775,0.7620537499999995,0.04035007526965658,20.762499999999992,1.696168294337578,16.540280893612874,2.3963928094943445,0.011874605927289297,0.0017894112173150124,0.0166977109996012,0.003085049073246983,633.4795679749396,134.53054346567967,15.208000000000018,2.7333406503966926,28.02899999999999,3.8705453247715647,0.9200000000000003,1.6033298683261252,-0.008536334876543206,0.021242194520657495,-0.015127679818851275,0.032728159253242343,0.2203429369198195,1.428305090738028,0.46416755967105583,0.08856708722568656,0.5190072277116091,0.060012960593670756
193,17.599583333333335,0.7876583333333333,17.562499999999996,13.358050024127499,0.009589176571739261,0.01305300172559405,538.748206273193,9.5,23.94,0.0,0.0031537229938271376,0.024377599202288953,0.12936971223692184,0.3992213762054774,0.5329271710838532,,,,,,,,,,0.0,,,,,,2018-06-02 00:00:00,2019-07-18 00:00:00,20.661083333333323,2.5968357124763606,0.7678045833333329,0.03938440434675168,20.23541666666666,1.7971076406029733,15.858113180204748,2.208865540352884,0.01133965416767187,0.0015560187546561585,0.01578036221182089,0.0025811060272875356,611.5663050758302,129.77872142156986,14.51300000000002,3.2222974895423606,27.04999999999999,3.487504679407445,0.9200000000000003,1.6033298683261252,-0.009837971161265427,0.0199175665365524,-0.014028274033842653,0.033954024601940476,0.11245922686405355,1.3855007530953656,0.4684492832253907,0.08367853910523344,0.5253116992650163,0.05753941346861975
194,17.500000000000004,0.9007083333333333,17.691666666666663,15.621509392138355,0.011038605718370675,0.012628480248951269,239.53626219163968,12.76,24.21,1.2000000000000002,-0.0011560426311728192,0.03800901463736722,-0.03041495924591259,0.48766936916775844,0.595849734145276,,,,,,,,,,1.6970562748477143,,,,,,2018-06-02 00:00:00,2019-07-18 00:00:00,20.07762499999999,2.584840652325919,0.7832862499999995,0.05651606710699407,19.781249999999993,1.8099319290964984,15.625178410650642,2.082882644579349,0.011156657128300851,0.001460931893466213,0.01521330563331356,0.0025891662106264663,566.7970248601116,171.3415250835566,14.03900000000002,3.0795542606754505,26.560999999999986,3.510873427257408,0.9000000000000001,1.597915308560919,-0.0067732489390432,0.018467273286270576,-0.004798811424630956,0.03433701998896673,0.05083265839237494,1.3757763955162778,0.4676320792788949,0.08342081149041514,0.5318612081517611,0.06175064490398289
195,18.052083333333332,0.8683083333333333,17.849999999999998,15.593067457680254,0.010996794783126311,0.013060663765418416,313.67003905957074,13.4,24.27,0.4,0.0064090229552468585,-0.0010964264471971358,-5.845374280810764,0.5066724196766895,0.5926177334597004,,,,,,,,,,0.5656854249492381,,,,,,2018-06-02 00:00:00,2019-07-18 00:00:00,19.807333333333325,2.646717402606345,0.7933274999999995,0.062120148176043125,19.464583333333326,1.8464192594831044,15.565380397087395,2.0733940547636074,0.011110128745914296,0.0014575292168676251,0.014974701782034514,0.002673826015185878,540.0120750015183,188.82780136942796,13.698000000000018,2.9234674997718186,26.304999999999986,3.5816980764870556,0.9200000000000003,1.5894093941531318,-0.00313776089891975,0.01691152275832564,-0.0012201341274899065,0.03243370822857443,-0.6148958212190084,2.2800808683053444,0.46410846761506325,0.08063241960653426,0.5378639513110349,0.06467763983360238
196,18.059166666666666,0.7775291666666666,17.79583333333333,13.368165259384739,0.009556208969212016,0.013403937692082367,594.3294631539138,11.23,24.94,0.0,8.22289737654398e-05,-0.037777112054568136,-0.002176687663330696,0.42203295122966383,0.5100272189003071,,,,,,,,,,0.0,,,,,,2018-06-02 00:00:00,2019-07-18 00:00:00,19.42937499999999,2.59373015573251,0.7950658333333329,0.061326595273246805,19.159166666666657,1.8443888043816608,15.238849940859385,2.1424644197997904,0.010878028025051039,0.0015058057592071713,0.014599711893465525,0.002596078393747889,533.0594878146394,185.00248888632743,13.512000000000018,3.02389300222226,25.871999999999986,3.4424500319136366,0.9200000000000003,1.5894093941531318,-0.00438764130015432,0.016061210212650376,-0.006086478747262557,0.03402701839338759,-0.7306807031598318,2.2084527355345513,0.4693271037873089,0.07537092690607858,0.5399972818527179,0.06321080595853576
197,18.632916666666667,0.7578083333333332,17.770833333333332,13.267093459221213,0.009561040013503322,0.014243325540947432,679.6684014680174,9.96,26.54,0.0,0.006660546875000005,0.00012668658803277575,,0.35265132529915744,0.46862839847323357,,,,,,,,,,0.0,,,,,,2018-06-02 00:00:00,2019-07-18 00:00:00,18.88208333333332,2.00877869850512,0.8005266666666662,0.05426185948768905,18.745833333333326,1.6090000537102307,14.81550704908754,2.0626803890297682,0.010580431764857748,0.0014338636325350587,0.014063464091877174,0.0019104114647409344,516.7370349789422,160.16188864053512,12.91300000000002,3.0800470775622646,25.335999999999988,2.7465258863597914,0.9200000000000003,1.5894093941531318,-0.006353397472993828,0.012746414192749926,-0.007803996929412496,0.03313714226998703,,,0.4663204982445214,0.079685901438413,0.5422473436128843,0.05980696766402166
198,19.736666666666668,0.7387125000000001,18.387500000000003,13.931958828447236,0.009943790268738586,0.015147300097959594,735.8858954220109,11.67,27.29,0.8,0.012813208912037055,0.01003702739627101,1.2765939960268977,0.378081730561547,0.4682404586743839,,,,,,,,,,1.1313708498984762,,,,,,2018-06-02 00:00:00,2019-07-18 00:00:00,18.54199999999999,1.4056197394216812,0.7952033333333329,0.057699534253635006,18.377083333333324,1.1047984740258776,14.33700157057405,1.5477970919744006,0.010224363662753796,0.0010050508316766335,0.01374298915811648,0.0012737844788837836,533.7262655980616,174.34963291633917,12.30100000000002,2.5689316845723686,24.854999999999986,1.6208176948688595,0.5600000000000004,1.0189319026422845,-0.003947958140432098,0.013935751896447338,-0.009337329621266554,0.03175756297931713,,,0.4616009409518768,0.0836841814791211,0.5422123632283917,0.059854918685183896
199,20.50588235294118,0.7212764705882353,18.429411764705883,14.039177251848773,0.010071708835159737,0.016274349991447848,820.1305048589747,11.23,28.3,0.0,0.008929668209876547,0.0033544645316346453,2.6620249299595606,0.3461737024509654,0.45199700993920133,,,,,,,,,,0.0,,,,,,2018-06-02 00:00:00,2019-07-18 00:00:00,18.43367156862744,1.1660074508042793,0.7932872303921564,0.05999286652743146,18.161274509803913,0.7913616222976291,14.121889658850279,1.4044512139106617,0.010084476191932621,0.0009046607116543463,0.013737141762717491,0.001260641089568779,547.0570136204179,191.59907002009464,11.750000000000018,2.049417261347949,25.020999999999987,1.8870815209382625,0.5600000000000004,1.0189319026422845,-0.0012575626929012308,0.013517723885415805,-0.003668330348112186,0.027850294015067528,,,0.44166051157882197,0.0851942058642496,0.5327491880723801,0.06622125386608001
200,,,,,,,,,,1.6,,,,,,,,,,,,,,,,,,,,,2018-06-02 00:00:00,2019-07-18 00:00:00,,,,,,,,,,,,,,,,,,,0.40000000000000047,0.5962847939999469,,,,,,,,,,
201,,,,,,,,,,0.0,,,,,,,,,,,,,,,,,,,,,2018-06-02 00:00:00,2019-07-18 00:00:00,,,,,,,,,,,,,,,,,,,0.40000000000000047,0.5962847939999469,,,,,,,,,,
202,,,,,,,,,,0.0,,,,,,,,,,,,,,,,,,,,,2018-06-02 00:00:00,2019-07-18 00:00:00,,,,,,,,,,,,,,,,,,,0.40000000000000047,0.5962847939999469,,,,,,,,,,
203,,,,,,,,,,2.6,,,,,,,,,,,,,,,,,,,,,2018-06-02 00:00:00,2019-07-18 00:00:00,,,,,,,,,,,,,,,,,,,0.6600000000000005,0.8946756084997782,,,,,,,,,,
204,,,,,,,,,,8.200000000000001,,,,,,,,,,,,,,,,,,,,,2018-06-02 00:00:00,2019-07-18 00:00:00,,,,,,,,,,,,,,,,,,,1.3600000000000005,2.557429264797846,,,,,,,,,,
205,,,,,,,,,,1.2,,,,,,,,,,,,,,,,,,,,,2018-06-02 00:00:00,2019-07-18 00:00:00,,,,,,,,,,,,,,,,,,,1.4400000000000004,2.5364892623028754,,,,,,,,,,
206,,,,,,,,,,0.0,,,,,,,,,,,,,,,,,,,,,2018-06-02 00:00:00,2019-07-18 00:00:00,,,,,,,,,,,,,,,,,,,1.4400000000000004,2.5364892623028754,,,,,,,,,,
207,,,,,,,,,,0.0,,,,,,,,,,,,,,,,,,,,,2018-06-02 00:00:00,2019-07-18 00:00:00,,,,,,,,,,,,,,,,,,,1.4400000000000004,2.5364892623028754,,,,,,,,,,
208,,,,,,,,,,16.2,,,,,,,,,,,,,,,,,,,,,2018-06-02 00:00:00,2019-07-18 00:00:00,,,,,,,,,,,,,,,,,,,2.98,5.287679600311989,,,,,,,,,,
209,,,,,,,,,,0.0,,,,,,,,,,,,,,,,,,,,,2018-06-02 00:00:00,2019-07-18 00:00:00,,,,,,,,,,,,,,,,,,,2.98,5.287679600311989,,,,,,,,,,
210,,,,,,,,,,0.0,,,,,,,,,,,,,,,,,,,,,2018-06-02 00:00:00,2019-07-18 00:00:00,,,,,,,,,,,,,,,,,,,2.82,5.357818793335794,,,,,,,,,,
211,,,,,,,,,,0.0,,,,,,,,,,,,,,,,,,,,,2018-06-02 00:00:00,2019-07-18 00:00:00,,,,,,,,,,,,,,,,,,,2.82,5.357818793335794,,,,,,,,,,
212,,,,,,,,,,0.0,,,,,,,,,,,,,,,,,,,,,2018-06-02 00:00:00,2019-07-18 00:00:00,,,,,,,,,,,,,,,,,,,2.82,5.357818793335794,,,,,,,,,,
213,,,,,,,,,,0.0,,,,,,,,,,,,,,,,,,,,,2018-06-02 00:00:00,2019-07-18 00:00:00,,,,,,,,,,,,,,,,,,,2.5599999999999996,5.432249380628004,,,,,,,,,,
214,,,,,,,,,,12.600000000000001,,,,,,,,,,,,,,,,,,,,,2018-06-02 00:00:00,2019-07-18 00:00:00,,,,,,,,,,,,,,,,,,,3.0,6.079473661428265,,,,,,,,,,
215,,,,,,,,,,0.0,,,,,,,,,,,,,,,,,,,,,2018-06-02 00:00:00,2019-07-18 00:00:00,,,,,,,,,,,,,,,,,,,2.88,6.130579091733504,,,,,,,,,,
216,,,,,,,,,,0.0,,,,,,,,,,,,,,,,,,,,,2018-06-02 00:00:00,2019-07-18 00:00:00,,,,,,,,,,,,,,,,,,,2.88,6.130579091733504,,,,,,,,,,
217,,,,,,,,,,0.0,,,,,,,,,,,,,,,,,,,,,2018-06-02 00:00:00,2019-07-18 00:00:00,,,,,,,,,,,,,,,,,,,2.88,6.130579091733504,,,,,,,,,,
218,,,,,,,,,,1.0,,,,,,,,,,,,,,,,,,,,,2018-06-02 00:00:00,2019-07-18 00:00:00,,,,,,,,,,,,,,,,,,,1.36,3.9618177646126025,,,,,,,,,,
219,,,,,,,,,,0.0,,,,,,,,,,,,,,,,,,,,,2018-06-02 00:00:00,2019-07-18 00:00:00,,,,,,,,,,,,,,,,,,,1.36,3.9618177646126025,,,,,,,,,,
220,,,,,,,,,,0.0,,,,,,,,,,,,,,,,,,,,,2018-06-02 00:00:00,2019-07-18 00:00:00,,,,,,,,,,,,,,,,,,,1.36,3.9618177646126025,,,,,,,,,,
221,,,,,,,,,,0.0,,,,,,,,,,,,,,,,,,,,,2018-06-02 00:00:00,2019-07-18 00:00:00,,,,,,,,,,,,,,,,,,,1.36,3.9618177646126025,,,,,,,,,,
222,,,,,,,,,,0.0,,,,,,,,,,,,,,,,,,,,,2018-06-02 00:00:00,2019-07-18 00:00:00,,,,,,,,,,,,,,,,,,,1.36,3.9618177646126025,,,,,,,,,,
223,,,,,,,,,,0.0,,,,,,,,,,,,,,,,,,,,,2018-06-02 00:00:00,2019-07-18 00:00:00,,,,,,,,,,,,,,,,,,,1.36,3.9618177646126025,,,,,,,,,,
224,,,,,,,,,,0.0,,,,,,,,,,,,,,,,,,,,,2018-06-02 00:00:00,2019-07-18 00:00:00,,,,,,,,,,,,,,,,,,,0.1,0.31622776601682395,,,,,,,,,,
225,,,,,,,,,,0.0,,,,,,,,,,,,,,,,,,,,,2018-06-02 00:00:00,2019-07-18 00:00:00,,,,,,,,,,,,,,,,,,,0.1,0.31622776601682395,,,,,,,,,,
226,,,,,,,,,,0.0,,,,,,,,,,,,,,,,,,,,,2018-06-02 00:00:00,2019-07-18 00:00:00,,,,,,,,,,,,,,,,,,,0.1,0.31622776601682395,,,,,,,,,,
227,,,,,,,,,,0.0,,,,,,,,,,,,,,,,,,,,,2018-06-02 00:00:00,2019-07-18 00:00:00,,,,,,,,,,,,,,,,,,,0.1,0.31622776601682395,,,,,,,,,,
228,,,,,,,,,,0.0,,,,,,,,,,,,,,,,,,,,,2018-06-02 00:00:00,2019-07-18 00:00:00,,,,,,,,,,,,,,,,,,,0.0,0.0,,,,,,,,,,
229,,,,,,,,,,0.0,,,,,,,,,,,,,,,,,,,,,2018-06-02 00:00:00,2019-07-18 00:00:00,,,,,,,,,,,,,,,,,,,0.0,0.0,,,,,,,,,,
230,,,,,,,,,,0.0,,,,,,,,,,,,,,,,,,,,,2018-06-02 00:00:00,2019-07-18 00:00:00,,,,,,,,,,,,,,,,,,,0.0,0.0,,,,,,,,,,
231,,,,,,,,,,0.0,,,,,,,,,,,,,,,,,,,,,2018-06-02 00:00:00,2019-07-18 00:00:00,,,,,,,,,,,,,,,,,,,0.0,0.0,,,,,,,,,,
232,,,,,,,,,,0.0,,,,,,,,,,,,,,,,,,,,,2018-06-02 00:00:00,2019-07-18 00:00:00,,,,,,,,,,,,,,,,,,,0.0,0.0,,,,,,,,,,
233,,,,,,,,,,0.0,,,,,,,,,,,,,,,,,,,,,2018-06-02 00:00:00,2019-07-18 00:00:00,,,,,,,,,,,,,,,,,,,0.0,0.0,,,,,,,,,,
234,,,,,,,,,,0.0,,,,,,,,,,,,,,,,,,,,,2018-06-02 00:00:00,2019-07-18 00:00:00,,,,,,,,,,,,,,,,,,,0.0,0.0,,,,,,,,,,
235,,,,,,,,,,0.0,,,,,,,,,,,,,,,,,,,,,2018-06-02 00:00:00,2019-07-18 00:00:00,,,,,,,,,,,,,,,,,,,0.0,0.0,,,,,,,,,,
236,,,,,,,,,,0.0,,,,,,,,,,,,,,,,,,,,,2018-06-02 00:00:00,2019-07-18 00:00:00,,,,,,,,,,,,,,,,,,,0.0,0.0,,,,,,,,,,
237,,,,,,,,,,0.0,,,,,,,,,,,,,,,,,,,,,2018-06-02 00:00:00,2019-07-18 00:00:00,,,,,,,,,,,,,,,,,,,0.0,0.0,,,,,,,,,,
238,,,,,,,,,,5.2,,,,,,,,,,,,,,,,,,,,,2018-06-02 00:00:00,2019-07-18 00:00:00,,,,,,,,,,,,,,,,,,,0.52,1.6443843832875547,,,,,,,,,,
239,,,,,,,,,,10.799999999999999,,,,,,,,,,,,,,,,,,,,,2018-06-02 00:00:00,2019-07-18 00:00:00,,,,,,,,,,,,,,,,,,,1.6,3.6221540552549656,,,,,,,,,,
240,,,,,,,,,,0.0,,,,,,,,,,,,,,,,,,,,,2018-06-02 00:00:00,2019-07-18 00:00:00,,,,,,,,,,,,,,,,,,,1.6,3.6221540552549656,,,,,,,,,,
241,,,,,,,,,,0.0,,,,,,,,,,,,,,,,,,,,,2018-06-02 00:00:00,2019-07-18 00:00:00,,,,,,,,,,,,,,,,,,,1.6,3.6221540552549656,,,,,,,,,,
242,,,,,,,,,,0.0,,,,,,,,,,,,,,,,,,,,,2018-06-02 00:00:00,2019-07-18 00:00:00,,,,,,,,,,,,,,,,,,,1.6,3.6221540552549656,,,,,,,,,,
243,,,,,,,,,,0.2,,,,,,,,,,,,,,,,,,,,,2018-06-02 00:00:00,2019-07-18 00:00:00,,,,,,,,,,,,,,,,,,,1.6199999999999999,3.6128782001181383,,,,,,,,,,
244,,,,,,,,,,0.8,,,,,,,,,,,,,,,,,,,,,2018-06-02 00:00:00,2019-07-18 00:00:00,,,,,,,,,,,,,,,,,,,1.7,3.581743833510275,,,,,,,,,,
245,,,,,,,,,,0.0,,,,,,,,,,,,,,,,,,,,,2018-06-02 00:00:00,2019-07-18 00:00:00,,,,,,,,,,,,,,,,,,,1.7,3.581743833510275,,,,,,,,,,
246,,,,,,,,,,3.8,,,,,,,,,,,,,,,,,,,,,2018-06-02 00:00:00,2019-07-18 00:00:00,,,,,,,,,,,,,,,,,,,2.08,3.5829224570639715,,,,,,,,,,
247,,,,,,,,,,0.0,,,,,,,,,,,,,,,,,,,,,2018-06-02 00:00:00,2019-07-18 00:00:00,,,,,,,,,,,,,,,,,,,2.08,3.5829224570639715,,,,,,,,,,
248,,,,,,,,,,7.6,,,,,,,,,,,,,,,,,,,,,2018-06-02 00:00:00,2019-07-18 00:00:00,,,,,,,,,,,,,,,,,,,2.32,3.882954201807346,,,,,,,,,,
249,,,,,,,,,,0.2,,,,,,,,,,,,,,,,,,,,,2018-06-02 00:00:00,2019-07-18 00:00:00,,,,,,,,,,,,,,,,,,,1.26,2.517582614775971,,,,,,,,,,
250,,,,,,,,,,0.0,,,,,,,,,,,,,,,,,,,,,2018-06-02 00:00:00,2019-07-18 00:00:00,,,,,,,,,,,,,,,,,,,1.26,2.517582614775971,,,,,,,,,,
251,,,,,,,,,,4.8,,,,,,,,,,,,,,,,,,,,,2018-06-02 00:00:00,2019-07-18 00:00:00,,,,,,,,,,,,,,,,,,,1.7399999999999998,2.701522204650966,,,,,,,,,,
252,,,,,,,,,,0.0,,,,,,,,,,,,,,,,,,,,,2018-06-02 00:00:00,2019-07-18 00:00:00,,,,,,,,,,,,,,,,,,,1.7399999999999998,2.701522204650966,,,,,,,,,,
253,,,,,,,,,,0.0,,,,,,,,,,,,,,,,,,,,,2018-06-02 00:00:00,2019-07-18 00:00:00,,,,,,,,,,,,,,,,,,,1.72,2.7148971742345345,,,,,,,,,,
254,,,,,,,,,,0.0,,,,,,,,,,,,,,,,,,,,,2018-06-02 00:00:00,2019-07-18 00:00:00,,,,,,,,,,,,,,,,,,,1.64,2.7564872976711166,,,,,,,,,,
255,,,,,,,,,,0.0,,,,,,,,,,,,,,,,,,,,,2018-06-02 00:00:00,2019-07-18 00:00:00,,,,,,,,,,,,,,,,,,,1.64,2.7564872976711166,,,,,,,,,,
256,,,,,,,,,,0.0,,,,,,,,,,,,,,,,,,,,,2018-06-02 00:00:00,2019-07-18 00:00:00,,,,,,,,,,,,,,,,,,,1.2599999999999998,2.686674937952527,,,,,,,,,,
257,,,,,,,,,,0.0,,,,,,,,,,,,,,,,,,,,,2018-06-02 00:00:00,2019-07-18 00:00:00,,,,,,,,,,,,,,,,,,,1.2599999999999998,2.686674937952527,,,,,,,,,,
258,,,,,,,,,,0.0,,,,,,,,,,,,,,,,,,,,,2018-06-02 00:00:00,2019-07-18 00:00:00,,,,,,,,,,,,,,,,,,,0.49999999999999983,1.512172829628498,,,,,,,,,,
259,,,,,,,,,,0.0,,,,,,,,,,,,,,,,,,,,,2018-06-02 00:00:00,2019-07-18 00:00:00,,,,,,,,,,,,,,,,,,,0.4799999999999998,1.5178932768808193,,,,,,,,,,
260,,,,,,,,,,0.0,,,,,,,,,,,,,,,,,,,,,2018-06-02 00:00:00,2019-07-18 00:00:00,,,,,,,,,,,,,,,,,,,0.4799999999999998,1.5178932768808193,,,,,,,,,,
261,,,,,,,,,,0.0,,,,,,,,,,,,,,,,,,,,,2018-06-02 00:00:00,2019-07-18 00:00:00,,,,,,,,,,,,,,,,,,,0.0,0.0,,,,,,,,,,
262,,,,,,,,,,0.0,,,,,,,,,,,,,,,,,,,,,2018-06-02 00:00:00,2019-07-18 00:00:00,,,,,,,,,,,,,,,,,,,0.0,0.0,,,,,,,,,,
263,,,,,,,,,,0.0,,,,,,,,,,,,,,,,,,,,,2018-06-02 00:00:00,2019-07-18 00:00:00,,,,,,,,,,,,,,,,,,,0.0,0.0,,,,,,,,,,
264,,,,,,,,,,0.0,,,,,,,,,,,,,,,,,,,,,2018-06-02 00:00:00,2019-07-18 00:00:00,,,,,,,,,,,,,,,,,,,0.0,0.0,,,,,,,,,,
265,,,,,,,,,,0.0,,,,,,,,,,,,,,,,,,,,,2018-06-02 00:00:00,2019-07-18 00:00:00,,,,,,,,,,,,,,,,,,,0.0,0.0,,,,,,,,,,
266,,,,,,,,,,0.0,,,,,,,,,,,,,,,,,,,,,2018-06-02 00:00:00,2019-07-18 00:00:00,,,,,,,,,,,,,,,,,,,0.0,0.0,,,,,,,,,,
267,,,,,,,,,,8.0,,,,,,,,,,,,,,,,,,,,,2018-06-02 00:00:00,2019-07-18 00:00:00,,,,,,,,,,,,,,,,,,,0.7999999999999998,2.529822128134702,,,,,,,,,,
268,,,,,,,,,,0.0,,,,,,,,,,,,,,,,,,,,,2018-06-02 00:00:00,2019-07-18 00:00:00,,,,,,,,,,,,,,,,,,,0.7999999999999998,2.529822128134702,,,,,,,,,,
269,,,,,,,,,,0.0,,,,,,,,,,,,,,,,,,,,,2018-06-02 00:00:00,2019-07-18 00:00:00,,,,,,,,,,,,,,,,,,,0.7999999999999998,2.529822128134702,,,,,,,,,,
270,,,,,,,,,,0.0,,,,,,,,,,,,,,,,,,,,,2018-06-02 00:00:00,2019-07-18 00:00:00,,,,,,,,,,,,,,,,,,,0.7999999999999998,2.529822128134702,,,,,,,,,,
271,,,,,,,,,,0.0,,,,,,,,,,,,,,,,,,,,,2018-06-02 00:00:00,2019-07-18 00:00:00,,,,,,,,,,,,,,,,,,,0.7999999999999998,2.529822128134702,,,,,,,,,,
272,,,,,,,,,,0.0,,,,,,,,,,,,,,,,,,,,,2018-06-02 00:00:00,2019-07-18 00:00:00,,,,,,,,,,,,,,,,,,,0.7999999999999998,2.529822128134702,,,,,,,,,,
273,,,,,,,,,,0.0,,,,,,,,,,,,,,,,,,,,,2018-06-02 00:00:00,2019-07-18 00:00:00,,,,,,,,,,,,,,,,,,,0.7999999999999998,2.529822128134702,,,,,,,,,,
274,,,,,,,,,,0.0,,,,,,,,,,,,,,,,,,,,,2018-06-02 00:00:00,2019-07-18 00:00:00,,,,,,,,,,,,,,,,,,,0.7999999999999998,2.529822128134702,,,,,,,,,,
275,,,,,,,,,,0.0,,,,,,,,,,,,,,,,,,,,,2018-06-02 00:00:00,2019-07-18 00:00:00,,,,,,,,,,,,,,,,,,,0.7999999999999998,2.529822128134702,,,,,,,,,,
276,,,,,,,,,,0.0,,,,,,,,,,,,,,,,,,,,,2018-06-02 00:00:00,2019-07-18 00:00:00,,,,,,,,,,,,,,,,,,,0.7999999999999998,2.529822128134702,,,,,,,,,,
277,,,,,,,,,,0.0,,,,,,,,,,,,,,,,,,,,,2018-06-02 00:00:00,2019-07-18 00:00:00,,,,,,,,,,,,,,,,,,,0.0,0.0,,,,,,,,,,
278,,,,,,,,,,0.0,,,,,,,,,,,,,,,,,,,,,2018-06-02 00:00:00,2019-07-18 00:00:00,,,,,,,,,,,,,,,,,,,0.0,0.0,,,,,,,,,,
279,,,,,,,,,,0.0,,,,,,,,,,,,,,,,,,,,,2018-06-02 00:00:00,2019-07-18 00:00:00,,,,,,,,,,,,,,,,,,,0.0,0.0,,,,,,,,,,
280,,,,,,,,,,0.0,,,,,,,,,,,,,,,,,,,,,2018-06-02 00:00:00,2019-07-18 00:00:00,,,,,,,,,,,,,,,,,,,0.0,0.0,,,,,,,,,,
281,,,,,,,,,,0.0,,,,,,,,,,,,,,,,,,,,,2018-06-02 00:00:00,2019-07-18 00:00:00,,,,,,,,,,,,,,,,,,,0.0,0.0,,,,,,,,,,
282,,,,,,,,,,0.0,,,,,,,,,,,,,,,,,,,,,2018-06-02 00:00:00,2019-07-18 00:00:00,,,,,,,,,,,,,,,,,,,0.0,0.0,,,,,,,,,,
283,,,,,,,,,,0.0,,,,,,,,,,,,,,,,,,,,,2018-06-02 00:00:00,2019-07-18 00:00:00,,,,,,,,,,,,,,,,,,,0.0,0.0,,,,,,,,,,
284,,,,,,,,,,0.0,,,,,,,,,,,,,,,,,,,,,2018-06-02 00:00:00,2019-07-18 00:00:00,,,,,,,,,,,,,,,,,,,0.0,0.0,,,,,,,,,,
285,,,,,,,,,,0.0,,,,,,,,,,,,,,,,,,,,,2018-06-02 00:00:00,2019-07-18 00:00:00,,,,,,,,,,,,,,,,,,,0.0,0.0,,,,,,,,,,
286,,,,,,,,,,0.0,,,,,,,,,,,,,,,,,,,,,2018-06-02 00:00:00,2019-07-18 00:00:00,,,,,,,,,,,,,,,,,,,0.0,0.0,,,,,,,,,,
287,,,,,,,,,,0.0,,,,,,,,,,,,,,,,,,,,,2018-06-02 00:00:00,2019-07-18 00:00:00,,,,,,,,,,,,,,,,,,,0.0,0.0,,,,,,,,,,
288,,,,,,,,,,0.0,,,,,,,,,,,,,,,,,,,,,2018-06-02 00:00:00,2019-07-18 00:00:00,,,,,,,,,,,,,,,,,,,0.0,0.0,,,,,,,,,,
289,,,,,,,,,,0.0,,,,,,,,,,,,,,,,,,,,,2018-06-02 00:00:00,2019-07-18 00:00:00,,,,,,,,,,,,,,,,,,,0.0,0.0,,,,,,,,,,
290,,,,,,,,,,0.0,,,,,,,,,,,,,,,,,,,,,2018-06-02 00:00:00,2019-07-18 00:00:00,,,,,,,,,,,,,,,,,,,0.0,0.0,,,,,,,,,,
291,,,,,,,,,,0.0,,,,,,,,,,,,,,,,,,,,,2018-06-02 00:00:00,2019-07-18 00:00:00,,,,,,,,,,,,,,,,,,,0.0,0.0,,,,,,,,,,
292,,,,,,,,,,2.0,,,,,,,,,,,,,,,,,,,,,2018-06-02 00:00:00,2019-07-18 00:00:00,,,,,,,,,,,,,,,,,,,0.19999999999999982,0.6324555320336688,,,,,,,,,,
293,,,,,,,,,,0.8,,,,,,,,,,,,,,,,,,,,,2018-06-02 00:00:00,2019-07-18 00:00:00,,,,,,,,,,,,,,,,,,,0.2799999999999998,0.654556677793784,,,,,,,,,,
294,,,,,,,,,,0.0,,,,,,,,,,,,,,,,,,,,,2018-06-02 00:00:00,2019-07-18 00:00:00,,,,,,,,,,,,,,,,,,,0.2799999999999998,0.654556677793784,,,,,,,,,,
295,,,,,,,,,,0.0,,,,,,,,,,,,,,,,,,,,,2018-06-02 00:00:00,2019-07-18 00:00:00,,,,,,,,,,,,,,,,,,,0.2799999999999998,0.654556677793784,,,,,,,,,,
296,,,,,,,,,,0.0,,,,,,,,,,,,,,,,,,,,,2018-06-02 00:00:00,2019-07-18 00:00:00,,,,,,,,,,,,,,,,,,,0.2799999999999998,0.654556677793784,,,,,,,,,,
297,,,,,,,,,,1.0,,,,,,,,,,,,,,,,,,,,,2018-06-02 00:00:00,2019-07-18 00:00:00,,,,,,,,,,,,,,,,,,,0.3799999999999998,0.68280467355036,,,,,,,,,,
298,,,,,,,,,,0.8,,,,,,,,,,,,,,,,,,,,,2018-06-02 00:00:00,2019-07-18 00:00:00,,,,,,,,,,,,,,,,,,,0.4599999999999998,0.6801960501698451,,,,,,,,,,
299,,,,,,,,,,0.0,,,,,,,,,,,,,,,,,,,,,2018-06-02 00:00:00,2019-07-18 00:00:00,,,,,,,,,,,,,,,,,,,0.4599999999999998,0.6801960501698451,,,,,,,,,,
300,,,,,,,,,,0.0,,,,,,,,,,,,,,,,,,,,,2018-06-02 00:00:00,2019-07-18 00:00:00,,,,,,,,,,,,,,,,,,,0.4599999999999998,0.6801960501698451,,,,,,,,,,
301,,,,,,,,,,0.8,,,,,,,,,,,,,,,,,,,,,2018-06-02 00:00:00,2019-07-18 00:00:00,,,,,,,,,,,,,,,,,,,0.5399999999999998,0.6669999167083012,,,,,,,,,,
302,,,,,,,,,,1.0,,,,,,,,,,,,,,,,,,,,,2018-06-02 00:00:00,2019-07-18 00:00:00,,,,,,,,,,,,,,,,,,,0.4399999999999998,0.469515116310898,,,,,,,,,,
303,,,,,,,,,,1.0,,,,,,,,,,,,,,,,,,,,,2018-06-02 00:00:00,2019-07-18 00:00:00,,,,,,,,,,,,,,,,,,,0.4599999999999998,0.49035134795821267,,,,,,,,,,
304,,,,,,,,,,0.0,,,,,,,,,,,,,,,,,,,,,2018-06-02 00:00:00,2019-07-18 00:00:00,,,,,,,,,,,,,,,,,,,0.4599999999999998,0.49035134795821267,,,,,,,,,,
305,,,,,,,,,,0.0,,,,,,,,,,,,,,,,,,,,,2018-06-02 00:00:00,2019-07-18 00:00:00,,,,,,,,,,,,,,,,,,,0.4599999999999998,0.49035134795821267,,,,,,,,,,
306,,,,,,,,,,0.0,,,,,,,,,,,,,,,,,,,,,2018-06-02 00:00:00,2019-07-18 00:00:00,,,,,,,,,,,,,,,,,,,0.4599999999999998,0.49035134795821267,,,,,,,,,,
307,,,,,,,,,,0.0,,,,,,,,,,,,,,,,,,,,,2018-06-02 00:00:00,2019-07-18 00:00:00,,,,,,,,,,,,,,,,,,,0.35999999999999976,0.4695151163108978,,,,,,,,,,
308,,,,,,,,,,0.0,,,,,,,,,,,,,,,,,,,,,2018-06-02 00:00:00,2019-07-18 00:00:00,,,,,,,,,,,,,,,,,,,0.2799999999999998,0.4541169697580278,,,,,,,,,,
309,,,,,,,,,,0.0,,,,,,,,,,,,,,,,,,,,,2018-06-02 00:00:00,2019-07-18 00:00:00,,,,,,,,,,,,,,,,,,,0.2799999999999998,0.4541169697580278,,,,,,,,,,
310,,,,,,,,,,0.0,,,,,,,,,,,,,,,,,,,,,2018-06-02 00:00:00,2019-07-18 00:00:00,,,,,,,,,,,,,,,,,,,0.2799999999999998,0.4541169697580278,,,,,,,,,,
311,,,,,,,,,,0.0,,,,,,,,,,,,,,,,,,,,,2018-06-02 00:00:00,2019-07-18 00:00:00,,,,,,,,,,,,,,,,,,,0.1999999999999998,0.4216370213557733,,,,,,,,,,
312,,,,,,,,,,0.0,,,,,,,,,,,,,,,,,,,,,2018-06-02 00:00:00,2019-07-18 00:00:00,,,,,,,,,,,,,,,,,,,0.0999999999999998,0.31622776601682345,,,,,,,,,,
313,,,,,,,,,,0.0,,,,,,,,,,,,,,,,,,,,,2018-06-02 00:00:00,2019-07-18 00:00:00,,,,,,,,,,,,,,,,,,,0.0,0.0,,,,,,,,,,
314,,,,,,,,,,0.0,,,,,,,,,,,,,,,,,,,,,2018-06-02 00:00:00,2019-07-18 00:00:00,,,,,,,,,,,,,,,,,,,0.0,0.0,,,,,,,,,,
315,,,,,,,,,,0.0,,,,,,,,,,,,,,,,,,,,,2018-06-02 00:00:00,2019-07-18 00:00:00,,,,,,,,,,,,,,,,,,,0.0,0.0,,,,,,,,,,
316,,,,,,,,,,0.0,,,,,,,,,,,,,,,,,,,,,2018-06-02 00:00:00,2019-07-18 00:00:00,,,,,,,,,,,,,,,,,,,0.0,0.0,,,,,,,,,,
317,,,,,,,,,,0.0,,,,,,,,,,,,,,,,,,,,,2018-06-02 00:00:00,2019-07-18 00:00:00,,,,,,,,,,,,,,,,,,,0.0,0.0,,,,,,,,,,
318,,,,,,,,,,0.0,,,,,,,,,,,,,,,,,,,,,2018-06-02 00:00:00,2019-07-18 00:00:00,,,,,,,,,,,,,,,,,,,0.0,0.0,,,,,,,,,,
319,,,,,,,,,,0.0,,,,,,,,,,,,,,,,,,,,,2018-06-02 00:00:00,2019-07-18 00:00:00,,,,,,,,,,,,,,,,,,,0.0,0.0,,,,,,,,,,
320,,,,,,,,,,0.8,,,,,,,,,,,,,,,,,,,,,2018-06-02 00:00:00,2019-07-18 00:00:00,,,,,,,,,,,,,,,,,,,0.07999999999999981,0.2529822128134521,,,,,,,,,,
321,,,,,,,,,,0.0,,,,,,,,,,,,,,,,,,,,,2018-06-02 00:00:00,2019-07-18 00:00:00,,,,,,,,,,,,,,,,,,,0.07999999999999981,0.2529822128134521,,,,,,,,,,
322,,,,,,,,,,2.8000000000000003,,,,,,,,,,,,,,,,,,,,,2018-06-02 00:00:00,2019-07-18 00:00:00,,,,,,,,,,,,,,,,,,,0.3599999999999998,0.8934328302800462,,,,,,,,,,
323,,,,,,,,,,4.0,,,,,,,,,,,,,,,,,,,,,2018-06-02 00:00:00,2019-07-18 00:00:00,,,,,,,,,,,,,,,,,,,0.7599999999999998,1.441604044882718,,,,,,,,,,
324,,,,,,,,,,5.8,,,,,,,,,,,,,,,,,,,,,2018-06-02 00:00:00,2019-07-18 00:00:00,,,,,,,,,,,,,,,,,,,1.3399999999999999,2.1125024654817945,,,,,,,,,,
325,,,,,,,,,,0.0,,,,,,,,,,,,,,,,,,,,,2018-06-02 00:00:00,2019-07-18 00:00:00,,,,,,,,,,,,,,,,,,,1.3399999999999999,2.1125024654817945,,,,,,,,,,
326,,,,,,,,,,0.0,,,,,,,,,,,,,,,,,,,,,2018-06-02 00:00:00,2019-07-18 00:00:00,,,,,,,,,,,,,,,,,,,1.3399999999999999,2.1125024654817945,,,,,,,,,,
327,,,,,,,,,,0.0,,,,,,,,,,,,,,,,,,,,,2018-06-02 00:00:00,2019-07-18 00:00:00,,,,,,,,,,,,,,,,,,,1.3399999999999999,2.1125024654817945,,,,,,,,,,
328,,,,,,,,,,0.0,,,,,,,,,,,,,,,,,,,,,2018-06-02 00:00:00,2019-07-18 00:00:00,,,,,,,,,,,,,,,,,,,1.3399999999999999,2.1125024654817945,,,,,,,,,,
329,,,,,,,,,,2.2,,,,,,,,,,,,,,,,,,,,,2018-06-02 00:00:00,2019-07-18 00:00:00,,,,,,,,,,,,,,,,,,,1.5599999999999998,2.071606998336207,,,,,,,,,,
330,,,,,,,,,,1.2,,,,,,,,,,,,,,,,,,,,,2018-06-02 00:00:00,2019-07-18 00:00:00,,,,,,,,,,,,,,,,,,,1.5999999999999996,2.0591260281973987,,,,,,,,,,
331,,,,,,,,,,0.0,,,,,,,,,,,,,,,,,,,,,2018-06-02 00:00:00,2019-07-18 00:00:00,,,,,,,,,,,,,,,,,,,1.5999999999999996,2.0591260281973987,,,,,,,,,,
332,,,,,,,,,,0.8,,,,,,,,,,,,,,,,,,,,,2018-06-02 00:00:00,2019-07-18 00:00:00,,,,,,,,,,,,,,,,,,,1.3999999999999997,2.0264912204760868,,,,,,,,,,
333,,,,,,,,,,0.4,,,,,,,,,,,,,,,,,,,,,2018-06-02 00:00:00,2019-07-18 00:00:00,,,,,,,,,,,,,,,,,,,1.0399999999999996,1.8228183306809977,,,,,,,,,,
334,,,,,,,,,,0.0,,,,,,,,,,,,,,,,,,,,,2018-06-02 00:00:00,2019-07-18 00:00:00,,,,,,,,,,,,,,,,,,,0.4599999999999997,0.742667863553788,,,,,,,,,,
335,,,,,,,,,,0.0,,,,,,,,,,,,,,,,,,,,,2018-06-02 00:00:00,2019-07-18 00:00:00,,,,,,,,,,,,,,,,,,,0.4599999999999997,0.742667863553788,,,,,,,,,,
336,,,,,,,,,,0.0,,,,,,,,,,,,,,,,,,,,,2018-06-02 00:00:00,2019-07-18 00:00:00,,,,,,,,,,,,,,,,,,,0.4599999999999997,0.742667863553788,,,,,,,,,,
337,,,,,,,,,,3.2,,,,,,,,,,,,,,,,,,,,,2018-06-02 00:00:00,2019-07-18 00:00:00,,,,,,,,,,,,,,,,,,,0.7799999999999997,1.1173381065928243,,,,,,,,,,
338,,,,,,,,,,5.4,,,,,,,,,,,,,,,,,,,,,2018-06-02 00:00:00,2019-07-18 00:00:00,,,,,,,,,,,,,,,,,,,1.3199999999999998,1.7967872563117868,,,,,,,,,,
339,,,,,,,,,,0.0,,,,,,,,,,,,,,,,,,,,,2018-06-02 00:00:00,2019-07-18 00:00:00,,,,,,,,,,,,,,,,,,,1.0999999999999996,1.811690432226824,,,,,,,,,,
340,,,,,,,,,,0.2,,,,,,,,,,,,,,,,,,,,,2018-06-02 00:00:00,2019-07-18 00:00:00,,,,,,,,,,,,,,,,,,,0.9999999999999997,1.8330302779823342,,,,,,,,,,
341,,,,,,,,,,0.0,,,,,,,,,,,,,,,,,,,,,2018-06-02 00:00:00,2019-07-18 00:00:00,,,,,,,,,,,,,,,,,,,0.9999999999999997,1.8330302779823342,,,,,,,,,,
342,,,,,,,,,,0.4,,,,,,,,,,,,,,,,,,,,,2018-06-02 00:00:00,2019-07-18 00:00:00,,,,,,,,,,,,,,,,,,,0.9599999999999996,1.8422208819188244,,,,,,,,,,
343,,,,,,,,,,0.2,,,,,,,,,,,,,,,,,,,,,2018-06-02 00:00:00,2019-07-18 00:00:00,,,,,,,,,,,,,,,,,,,0.9399999999999995,1.850045044496663,,,,,,,,,,
344,,,,,,,,,,0.0,,,,,,,,,,,,,,,,,,,,,2018-06-02 00:00:00,2019-07-18 00:00:00,,,,,,,,,,,,,,,,,,,0.9399999999999995,1.850045044496663,,,,,,,,,,
345,,,,,,,,,,1.6,,,,,,,,,,,,,,,,,,,,,2018-06-02 00:00:00,2019-07-18 00:00:00,,,,,,,,,,,,,,,,,,,1.0999999999999994,1.828782229912692,,,,,,,,,,
346,,,,,,,,,,0.0,,,,,,,,,,,,,,,,,,,,,2018-06-02 00:00:00,2019-07-18 00:00:00,,,,,,,,,,,,,,,,,,,1.0999999999999994,1.828782229912692,,,,,,,,,,
347,,,,,,,,,,0.0,,,,,,,,,,,,,,,,,,,,,2018-06-02 00:00:00,2019-07-18 00:00:00,,,,,,,,,,,,,,,,,,,0.7799999999999995,1.6956152603438976,,,,,,,,,,
348,,,,,,,,,,0.0,,,,,,,,,,,,,,,,,,,,,2018-06-02 00:00:00,2019-07-18 00:00:00,,,,,,,,,,,,,,,,,,,0.2399999999999994,0.4971027168615175,,,,,,,,,,
349,,,,,,,,,,0.0,,,,,,,,,,,,,,,,,,,,,2018-06-02 00:00:00,2019-07-18 00:00:00,,,,,,,,,,,,,,,,,,,0.2399999999999994,0.4971027168615175,,,,,,,,,,
350,,,,,,,,,,0.0,,,,,,,,,,,,,,,,,,,,,2018-06-02 00:00:00,2019-07-18 00:00:00,,,,,,,,,,,,,,,,,,,0.2199999999999994,0.5028805910838872,,,,,,,,,,
351,,,,,,,,,,0.0,,,,,,,,,,,,,,,,,,,,,2018-06-02 00:00:00,2019-07-18 00:00:00,,,,,,,,,,,,,,,,,,,0.2199999999999994,0.5028805910838872,,,,,,,,,,
352,,,,,,,,,,0.0,,,,,,,,,,,,,,,,,,,,,2018-06-02 00:00:00,2019-07-18 00:00:00,,,,,,,,,,,,,,,,,,,0.1799999999999994,0.502880591083887,,,,,,,,,,
353,,,,,,,,,,0.0,,,,,,,,,,,,,,,,,,,,,2018-06-02 00:00:00,2019-07-18 00:00:00,,,,,,,,,,,,,,,,,,,0.15999999999999942,0.5059644256269316,,,,,,,,,,
354,,,,,,,,,,0.0,,,,,,,,,,,,,,,,,,,,,2018-06-02 00:00:00,2019-07-18 00:00:00,,,,,,,,,,,,,,,,,,,0.15999999999999942,0.5059644256269316,,,,,,,,,,
355,,,,,,,,,,0.0,,,,,,,,,,,,,,,,,,,,,2018-06-02 00:00:00,2019-07-18 00:00:00,,,,,,,,,,,,,,,,,,,0.0,0.0,,,,,,,,,,
356,,,,,,,,,,0.0,,,,,,,,,,,,,,,,,,,,,2018-06-02 00:00:00,2019-07-18 00:00:00,,,,,,,,,,,,,,,,,,,0.0,0.0,,,,,,,,,,
357,,,,,,,,,,0.0,,,,,,,,,,,,,,,,,,,,,2018-06-02 00:00:00,2019-07-18 00:00:00,,,,,,,,,,,,,,,,,,,0.0,0.0,,,,,,,,,,
358,,,,,,,,,,0.0,,,,,,,,,,,,,,,,,,,,,2018-06-02 00:00:00,2019-07-18 00:00:00,,,,,,,,,,,,,,,,,,,0.0,0.0,,,,,,,,,,
359,,,,,,,,,,0.0,,,,,,,,,,,,,,,,,,,,,2018-06-02 00:00:00,2019-07-18 00:00:00,,,,,,,,,,,,,,,,,,,0.0,0.0,,,,,,,,,,
360,,,,,,,,,,0.0,,,,,,,,,,,,,,,,,,,,,2018-06-02 00:00:00,2019-07-18 00:00:00,,,,,,,,,,,,,,,,,,,0.0,0.0,,,,,,,,,,
361,,,,,,,,,,0.0,,,,,,,,,,,,,,,,,,,,,2018-06-02 00:00:00,2019-07-18 00:00:00,,,,,,,,,,,,,,,,,,,0.0,0.0,,,,,,,,,,
362,,,,,,,,,,0.0,,,,,,,,,,,,,,,,,,,,,2018-06-02 00:00:00,2019-07-18 00:00:00,,,,,,,,,,,,,,,,,,,0.0,0.0,,,,,,,,,,
363,,,,,,,,,,0.0,,,,,,,,,,,,,,,,,,,,,2018-06-02 00:00:00,2019-07-18 00:00:00,,,,,,,,,,,,,,,,,,,0.0,0.0,,,,,,,,,,
364,,,,,,,,,,0.0,,,,,,,,,,,,,,,,,,,,,2018-06-02 00:00:00,2019-07-18 00:00:00,,,,,,,,,,,,,,,,,,,0.0,0.0,,,,,,,,,,
365,,,,,,,,,,0.0,,,,,,,,,,,,,,,,,,,,,2018-06-02 00:00:00,2019-07-18 00:00:00,,,,,,,,,,,,,,,,,,,0.0,0.0,,,,,,,,,,
