Date,Tavg
2017-11-01 00:00:00,5.905
2017-11-01 02:00:00,5.78
2017-11-01 04:00:00,5.505
2017-11-01 06:00:00,5.265000000000001
2017-11-01 08:00:00,7.275
2017-11-01 10:00:00,10.96
2017-11-01 12:00:00,12.940000000000001
2017-11-01 14:00:00,12.895
2017-11-01 16:00:00,11.155000000000001
2017-11-01 18:00:00,6.859999999999999
2017-11-01 20:00:00,6.859999999999999
2017-11-01 22:00:00,8.745000000000001
2017-11-02 00:00:00,9.245000000000001
2017-11-02 02:00:00,9.120000000000001
2017-11-02 04:00:00,8.955
2017-11-02 06:00:00,6.85
2017-11-02 08:00:00,9.75
2017-11-02 10:00:00,14.135
2017-11-02 12:00:00,15.395
2017-11-02 14:00:00,16.0
2017-11-02 16:00:00,14.065
2017-11-02 18:00:00,11.600000000000001
2017-11-02 20:00:00,10.02
2017-11-02 22:00:00,11.58
2017-11-03 00:00:00,12.190000000000001
2017-11-03 02:00:00,11.870000000000001
2017-11-03 04:00:00,11.765
2017-11-03 06:00:00,11.184999999999999
2017-11-03 08:00:00,10.9
2017-11-03 10:00:00,10.440000000000001
2017-11-03 12:00:00,11.215
2017-11-03 14:00:00,11.455
2017-11-03 16:00:00,10.645
2017-11-03 18:00:00,9.565000000000001
2017-11-03 20:00:00,8.105
2017-11-03 22:00:00,5.825
2017-11-04 00:00:00,3.95
2017-11-04 02:00:00,2.19
2017-11-04 04:00:00,2.17
2017-11-04 06:00:00,2.71
2017-11-04 08:00:00,7.13
2017-11-04 10:00:00,11.809999999999999
2017-11-04 12:00:00,13.66
2017-11-04 14:00:00,13.985
2017-11-04 16:00:00,10.25
2017-11-04 18:00:00,6.41
2017-11-04 20:00:00,8.15
2017-11-04 22:00:00,9.254999999999999
2017-11-05 00:00:00,8.530000000000001
2017-11-05 02:00:00,7.720000000000001
2017-11-05 04:00:00,5.994999999999999
2017-11-05 06:00:00,5.655
2017-11-05 08:00:00,8.74
2017-11-05 10:00:00,12.49
2017-11-05 12:00:00,15.09
2017-11-05 14:00:00,15.524999999999999
2017-11-05 16:00:00,12.69
2017-11-05 18:00:00,10.805
2017-11-05 20:00:00,10.485
2017-11-05 22:00:00,9.315000000000001
2017-11-06 00:00:00,9.370000000000001
2017-11-06 02:00:00,9.024999999999999
2017-11-06 04:00:00,8.28
2017-11-06 06:00:00,8.145
2017-11-06 08:00:00,10.42
2017-11-06 10:00:00,13.405
2017-11-06 12:00:00,15.265
2017-11-06 14:00:00,15.385
2017-11-06 16:00:00,12.875
2017-11-06 18:00:00,9.575
2017-11-06 20:00:00,8.629999999999999
2017-11-06 22:00:00,8.26
2017-11-07 00:00:00,8.32
2017-11-07 02:00:00,7.99
2017-11-07 04:00:00,8.465
2017-11-07 06:00:00,8.905000000000001
2017-11-07 08:00:00,10.425
2017-11-07 10:00:00,13.219999999999999
2017-11-07 12:00:00,15.27
2017-11-07 14:00:00,15.33
2017-11-07 16:00:00,12.305
2017-11-07 18:00:00,10.395
2017-11-07 20:00:00,10.36
2017-11-07 22:00:00,10.34
2017-11-08 00:00:00,10.01
2017-11-08 02:00:00,9.465
2017-11-08 04:00:00,9.385
2017-11-08 06:00:00,8.405000000000001
2017-11-08 08:00:00,9.685
2017-11-08 10:00:00,11.68
2017-11-08 12:00:00,13.35
2017-11-08 14:00:00,13.49
2017-11-08 16:00:00,11.605
2017-11-08 18:00:00,10.26
2017-11-08 20:00:00,9.515
2017-11-08 22:00:00,9.025
2017-11-09 00:00:00,9.085
2017-11-09 02:00:00,8.93
2017-11-09 04:00:00,8.615
2017-11-09 06:00:00,8.18
2017-11-09 08:00:00,8.719999999999999
2017-11-09 10:00:00,10.295
2017-11-09 12:00:00,12.51
2017-11-09 14:00:00,12.51
2017-11-09 16:00:00,11.67
2017-11-09 18:00:00,10.865
2017-11-09 20:00:00,9.9
2017-11-09 22:00:00,9.5
2017-11-10 00:00:00,9.07
2017-11-10 02:00:00,9.03
2017-11-10 04:00:00,8.74
2017-11-10 06:00:00,8.41
2017-11-10 08:00:00,8.89
2017-11-10 10:00:00,10.85
2017-11-10 12:00:00,12.08
2017-11-10 14:00:00,12.254999999999999
2017-11-10 16:00:00,10.46
2017-11-10 18:00:00,8.86
2017-11-10 20:00:00,7.5
2017-11-10 22:00:00,7.585
2017-11-11 00:00:00,7.765000000000001
2017-11-11 02:00:00,6.115
2017-11-11 04:00:00,5.715
2017-11-11 06:00:00,5.234999999999999
2017-11-11 08:00:00,7.6899999999999995
2017-11-11 10:00:00,11.15
2017-11-11 12:00:00,13.27
2017-11-11 14:00:00,14.295
2017-11-11 16:00:00,11.515
2017-11-11 18:00:00,9.22
2017-11-11 20:00:00,10.345
2017-11-11 22:00:00,10.149999999999999
2017-11-12 00:00:00,10.69
2017-11-12 02:00:00,10.385
2017-11-12 04:00:00,9.955
2017-11-12 06:00:00,9.425
2017-11-12 08:00:00,11.215
2017-11-12 10:00:00,13.23
2017-11-12 12:00:00,13.690000000000001
2017-11-12 14:00:00,14.515
2017-11-12 16:00:00,13.995000000000001
2017-11-12 18:00:00,13.805
2017-11-12 20:00:00,12.780000000000001
2017-11-12 22:00:00,12.67
2017-11-13 00:00:00,13.26
2017-11-13 02:00:00,14.66
2017-11-13 04:00:00,14.795
2017-11-13 06:00:00,14.14
2017-11-13 08:00:00,7.16
2017-11-13 10:00:00,7.225
2017-11-13 12:00:00,6.665
2017-11-13 14:00:00,5.6899999999999995
2017-11-13 16:00:00,4.895
2017-11-13 18:00:00,4.9
2017-11-13 20:00:00,4.83
2017-11-13 22:00:00,4.465
2017-11-14 00:00:00,4.165
2017-11-14 02:00:00,4.15
2017-11-14 04:00:00,4.449999999999999
2017-11-14 06:00:00,4.345000000000001
2017-11-14 08:00:00,3.9000000000000004
2017-11-14 10:00:00,3.935
2017-11-14 12:00:00,4.475
2017-11-14 14:00:00,4.91
2017-11-14 16:00:00,5.105
2017-11-14 18:00:00,5.15
2017-11-14 20:00:00,5.195
2017-11-14 22:00:00,5.109999999999999
2017-11-15 00:00:00,5.005
2017-11-15 02:00:00,4.77
2017-11-15 04:00:00,4.34
2017-11-15 06:00:00,3.675
2017-11-15 08:00:00,3.27
2017-11-15 10:00:00,3.535
2017-11-15 12:00:00,3.925
2017-11-15 14:00:00,3.7199999999999998
2017-11-15 16:00:00,3.535
2017-11-15 18:00:00,3.605
2017-11-15 20:00:00,3.725
2017-11-15 22:00:00,3.8899999999999997
2017-11-16 00:00:00,3.925
2017-11-16 02:00:00,4.265000000000001
2017-11-16 04:00:00,4.31
2017-11-16 06:00:00,4.41
2017-11-16 08:00:00,4.75
2017-11-16 10:00:00,5.63
2017-11-16 12:00:00,6.630000000000001
2017-11-16 14:00:00,7.365
2017-11-16 16:00:00,7.38
2017-11-16 18:00:00,7.11
2017-11-16 20:00:00,6.84
2017-11-16 22:00:00,6.71
2017-11-17 00:00:00,6.79
2017-11-17 02:00:00,6.68
2017-11-17 04:00:00,6.63
2017-11-17 06:00:00,6.545
2017-11-17 08:00:00,6.625
2017-11-17 10:00:00,7.025
2017-11-17 12:00:00,7.4
2017-11-17 14:00:00,8.445
2017-11-17 16:00:00,7.98
2017-11-17 18:00:00,7.75
2017-11-17 20:00:00,7.505
2017-11-17 22:00:00,7.135
2017-11-18 00:00:00,5.855
2017-11-18 02:00:00,5.095000000000001
2017-11-18 04:00:00,4.825
2017-11-18 06:00:00,4.665
2017-11-18 08:00:00,4.665
2017-11-18 10:00:00,5.154999999999999
2017-11-18 12:00:00,5.605
2017-11-18 14:00:00,6.09
2017-11-18 16:00:00,6.04
2017-11-18 18:00:00,5.885
2017-11-18 20:00:00,5.765000000000001
2017-11-18 22:00:00,5.67
2017-11-19 00:00:00,5.41
2017-11-19 02:00:00,5.07
2017-11-19 04:00:00,4.38
2017-11-19 06:00:00,2.665
2017-11-19 08:00:00,2.9050000000000002
2017-11-19 10:00:00,5.24
2017-11-19 12:00:00,6.01
2017-11-19 14:00:00,6.0600000000000005
2017-11-19 16:00:00,5.4
2017-11-19 18:00:00,4.57
2017-11-19 20:00:00,3.875
2017-11-19 22:00:00,3.675
2017-11-20 00:00:00,2.62
2017-11-20 02:00:00,1.96
2017-11-20 04:00:00,3.1100000000000003
2017-11-20 06:00:00,3.75
2017-11-20 08:00:00,4.195
2017-11-20 10:00:00,4.96
2017-11-20 12:00:00,6.4
2017-11-20 14:00:00,7.529999999999999
2017-11-20 16:00:00,6.68
2017-11-20 18:00:00,4.9399999999999995
2017-11-20 20:00:00,2.69
2017-11-20 22:00:00,1.96
2017-11-21 00:00:00,1.585
2017-11-21 02:00:00,1.9649999999999999
2017-11-21 04:00:00,1.76
2017-11-21 06:00:00,2.95
2017-11-21 08:00:00,3.815
2017-11-21 10:00:00,6.105
2017-11-21 12:00:00,8.49
2017-11-21 14:00:00,9.025
2017-11-21 16:00:00,7.93
2017-11-21 18:00:00,7.279999999999999
2017-11-21 20:00:00,7.6
2017-11-21 22:00:00,8.254999999999999
2017-11-22 00:00:00,9.02
2017-11-22 02:00:00,9.105
2017-11-22 04:00:00,8.735
2017-11-22 06:00:00,8.58
2017-11-22 08:00:00,9.045
2017-11-22 10:00:00,12.305
2017-11-22 12:00:00,13.89
2017-11-22 14:00:00,14.435
2017-11-22 16:00:00,13.125
2017-11-22 18:00:00,11.515
2017-11-22 20:00:00,11.025
2017-11-22 22:00:00,10.36
2017-11-23 00:00:00,9.44
2017-11-23 02:00:00,8.6
2017-11-23 04:00:00,8.31
2017-11-23 06:00:00,7.1850000000000005
2017-11-23 08:00:00,8.91
2017-11-23 10:00:00,13.085
2017-11-23 12:00:00,15.190000000000001
2017-11-23 14:00:00,15.42
2017-11-23 16:00:00,12.775
2017-11-23 18:00:00,10.25
2017-11-23 20:00:00,11.155000000000001
2017-11-23 22:00:00,12.395
2017-11-24 00:00:00,11.66
2017-11-24 02:00:00,10.885000000000002
2017-11-24 04:00:00,10.86
2017-11-24 06:00:00,9.504999999999999
2017-11-24 08:00:00,9.785
2017-11-24 10:00:00,12.46
2017-11-24 12:00:00,13.8
2017-11-24 14:00:00,14.43
2017-11-24 16:00:00,12.02
2017-11-24 18:00:00,7.225
2017-11-24 20:00:00,5.505
2017-11-24 22:00:00,3.605
2017-11-25 00:00:00,2.99
2017-11-25 02:00:00,2.105
2017-11-25 04:00:00,0.64
2017-11-25 06:00:00,0.0
2017-11-25 08:00:00,2.8400000000000003
2017-11-25 10:00:00,10.27
2017-11-25 12:00:00,14.195
2017-11-25 14:00:00,14.405000000000001
2017-11-25 16:00:00,12.4
2017-11-25 18:00:00,12.205
2017-11-25 20:00:00,12.100000000000001
2017-11-25 22:00:00,12.07
2017-11-26 00:00:00,12.165
2017-11-26 02:00:00,11.815
2017-11-26 04:00:00,9.24
2017-11-26 06:00:00,6.875
2017-11-26 08:00:00,6.375
2017-11-26 10:00:00,5.825
2017-11-26 12:00:00,5.904999999999999
2017-11-26 14:00:00,5.955
2017-11-26 16:00:00,5.390000000000001
2017-11-26 18:00:00,3.9050000000000002
2017-11-26 20:00:00,2.69
2017-11-26 22:00:00,2.875
2017-11-27 00:00:00,2.535
2017-11-27 02:00:00,1.9
2017-11-27 04:00:00,1.6600000000000001
2017-11-27 06:00:00,2.125
2017-11-27 08:00:00,2.325
2017-11-27 10:00:00,2.625
2017-11-27 12:00:00,3.905
2017-11-27 14:00:00,5.145
2017-11-27 16:00:00,3.805
2017-11-27 18:00:00,3.51
2017-11-27 20:00:00,2.755
2017-11-27 22:00:00,1.385
2017-11-28 00:00:00,0.58
2017-11-28 02:00:00,-0.09000000000000002
2017-11-28 04:00:00,-1.005
2017-11-28 06:00:00,-1.355
2017-11-28 08:00:00,-0.325
2017-11-28 10:00:00,3.51
2017-11-28 12:00:00,5.595
2017-11-28 14:00:00,5.745
2017-11-28 16:00:00,3.715
2017-11-28 18:00:00,0.23500000000000001
2017-11-28 20:00:00,0.6950000000000001
2017-11-28 22:00:00,1.455
2017-11-29 00:00:00,1.4
2017-11-29 02:00:00,1.21
2017-11-29 04:00:00,0.875
2017-11-29 06:00:00,1.395
2017-11-29 08:00:00,2.165
2017-11-29 10:00:00,7.5600000000000005
2017-11-29 12:00:00,9.445
2017-11-29 14:00:00,9.645
2017-11-29 16:00:00,7.385
2017-11-29 18:00:00,6.7
2017-11-29 20:00:00,7.800000000000001
2017-11-29 22:00:00,8.465
2017-11-30 00:00:00,8.825
2017-11-30 02:00:00,7.73
2017-11-30 04:00:00,6.665
2017-11-30 06:00:00,7.545
2017-11-30 08:00:00,7.615
2017-11-30 10:00:00,6.74
2017-11-30 12:00:00,5.785
2017-11-30 14:00:00,6.005
2017-11-30 16:00:00,5.925000000000001
2017-11-30 18:00:00,4.085
2017-11-30 20:00:00,2.435
2017-11-30 22:00:00,1.52
2017-12-01 00:00:00,1.655
2017-12-01 02:00:00,1.5499999999999998
2017-12-01 04:00:00,1.31
2017-12-01 06:00:00,0.875
2017-12-01 08:00:00,0.38
2017-12-01 10:00:00,1.7
2017-12-01 12:00:00,3.0300000000000002
2017-12-01 14:00:00,4.3100000000000005
2017-12-01 16:00:00,3.01
2017-12-01 18:00:00,1.675
2017-12-01 20:00:00,1.58
2017-12-01 22:00:00,1.46
2017-12-02 00:00:00,1.415
2017-12-02 02:00:00,0.86
2017-12-02 04:00:00,0.21
2017-12-02 06:00:00,-0.39
2017-12-02 08:00:00,-0.585
2017-12-02 10:00:00,-0.29500000000000004
2017-12-02 12:00:00,0.715
2017-12-02 14:00:00,1.355
2017-12-02 16:00:00,1.105
2017-12-02 18:00:00,0.63
2017-12-02 20:00:00,0.29000000000000004
2017-12-02 22:00:00,0.11
2017-12-03 00:00:00,-0.325
2017-12-03 02:00:00,-0.4
2017-12-03 04:00:00,-0.43
2017-12-03 06:00:00,-0.78
2017-12-03 08:00:00,-0.87
2017-12-03 10:00:00,-0.365
2017-12-03 12:00:00,-0.15
2017-12-03 14:00:00,-0.02
2017-12-03 16:00:00,-0.185
2017-12-03 18:00:00,-0.225
2017-12-03 20:00:00,-0.21500000000000002
2017-12-03 22:00:00,-0.265
2017-12-04 00:00:00,-0.31
2017-12-04 02:00:00,-0.51
2017-12-04 04:00:00,-1.115
2017-12-04 06:00:00,-2.735
2017-12-04 08:00:00,-1.925
2017-12-04 10:00:00,0.93
2017-12-04 12:00:00,0.785
2017-12-04 14:00:00,0.855
2017-12-04 16:00:00,0.95
2017-12-04 18:00:00,0.97
2017-12-04 20:00:00,1.27
2017-12-04 22:00:00,1.3450000000000002
2017-12-05 00:00:00,1.3
2017-12-05 02:00:00,1.0899999999999999
2017-12-05 04:00:00,1.7850000000000001
2017-12-05 06:00:00,1.27
2017-12-05 08:00:00,1.2999999999999998
2017-12-05 10:00:00,2.585
2017-12-05 12:00:00,4.025
2017-12-05 14:00:00,4.765
2017-12-05 16:00:00,2.925
2017-12-05 18:00:00,2.13
2017-12-05 20:00:00,2.885
2017-12-05 22:00:00,3.565
2017-12-06 00:00:00,4.295
2017-12-06 02:00:00,4.355
2017-12-06 04:00:00,4.02
2017-12-06 06:00:00,4.165
2017-12-06 08:00:00,4.0
2017-12-06 10:00:00,6.71
2017-12-06 12:00:00,7.5600000000000005
2017-12-06 14:00:00,7.795
2017-12-06 16:00:00,5.805
2017-12-06 18:00:00,1.485
2017-12-06 20:00:00,0.175
2017-12-06 22:00:00,-0.1
2017-12-07 00:00:00,-0.38
2017-12-07 02:00:00,-0.56
2017-12-07 04:00:00,-0.6799999999999999
2017-12-07 06:00:00,-1.65
2017-12-07 08:00:00,1.21
2017-12-07 10:00:00,5.16
2017-12-07 12:00:00,7.869999999999999
2017-12-07 14:00:00,8.405
2017-12-07 16:00:00,5.720000000000001
2017-12-07 18:00:00,4.34
2017-12-07 20:00:00,4.975
2017-12-07 22:00:00,5.5600000000000005
2017-12-08 00:00:00,5.02
2017-12-08 02:00:00,4.775
2017-12-08 04:00:00,4.855
2017-12-08 06:00:00,5.32
2017-12-08 08:00:00,6.545
2017-12-08 10:00:00,9.105
2017-12-08 12:00:00,11.425
2017-12-08 14:00:00,13.02
2017-12-08 16:00:00,11.309999999999999
2017-12-08 18:00:00,10.125
2017-12-08 20:00:00,9.675
2017-12-08 22:00:00,10.015
2017-12-09 00:00:00,9.035
2017-12-09 02:00:00,7.8
2017-12-09 04:00:00,6.640000000000001
2017-12-09 06:00:00,2.5549999999999997
2017-12-09 08:00:00,1.3599999999999999
2017-12-09 10:00:00,0.37
2017-12-09 12:00:00,0.065
2017-12-09 14:00:00,0.135
2017-12-09 16:00:00,0.245
2017-12-09 18:00:00,0.885
2017-12-09 20:00:00,0.9950000000000001
2017-12-09 22:00:00,0.665
2017-12-10 00:00:00,0.019999999999999997
2017-12-10 02:00:00,-0.5700000000000001
2017-12-10 04:00:00,-0.755
2017-12-10 06:00:00,-0.8
2017-12-10 08:00:00,-1.9449999999999998
2017-12-10 10:00:00,0.895
2017-12-10 12:00:00,1.595
2017-12-10 14:00:00,2.44
2017-12-10 16:00:00,2.135
2017-12-10 18:00:00,2.15
2017-12-10 20:00:00,3.6799999999999997
2017-12-10 22:00:00,4.859999999999999
2017-12-11 00:00:00,5.265
2017-12-11 02:00:00,5.75
2017-12-11 04:00:00,6.390000000000001
2017-12-11 06:00:00,9.649999999999999
2017-12-11 08:00:00,10.515
2017-12-11 10:00:00,11.39
2017-12-11 12:00:00,12.305
2017-12-11 14:00:00,12.71
2017-12-11 16:00:00,13.215
2017-12-11 18:00:00,11.690000000000001
2017-12-11 20:00:00,10.620000000000001
2017-12-11 22:00:00,10.82
2017-12-12 00:00:00,10.96
2017-12-12 02:00:00,11.41
2017-12-12 04:00:00,13.155000000000001
2017-12-12 06:00:00,15.030000000000001
2017-12-12 08:00:00,13.325
2017-12-12 10:00:00,16.18
2017-12-12 12:00:00,17.895
2017-12-12 14:00:00,17.32
2017-12-12 16:00:00,15.575
2017-12-12 18:00:00,14.42
2017-12-12 20:00:00,12.52
2017-12-12 22:00:00,10.485
2017-12-13 00:00:00,7.995
2017-12-13 02:00:00,7.725
2017-12-13 04:00:00,5.04
2017-12-13 06:00:00,3.565
2017-12-13 08:00:00,2.955
2017-12-13 10:00:00,3.08
2017-12-13 12:00:00,3.37
2017-12-13 14:00:00,3.38
2017-12-13 16:00:00,3.005
2017-12-13 18:00:00,2.25
2017-12-13 20:00:00,1.855
2017-12-13 22:00:00,1.455
2017-12-14 00:00:00,0.915
2017-12-14 02:00:00,0.285
2017-12-14 04:00:00,1.725
2017-12-14 06:00:00,2.59
2017-12-14 08:00:00,4.45
2017-12-14 10:00:00,6.0649999999999995
2017-12-14 12:00:00,8.245
2017-12-14 14:00:00,9.754999999999999
2017-12-14 16:00:00,10.065
2017-12-14 18:00:00,9.870000000000001
2017-12-14 20:00:00,9.935
2017-12-14 22:00:00,10.6
2017-12-15 00:00:00,10.67
2017-12-15 02:00:00,10.33
2017-12-15 04:00:00,10.905000000000001
2017-12-15 06:00:00,11.059999999999999
2017-12-15 08:00:00,10.83
2017-12-15 10:00:00,11.745000000000001
2017-12-15 12:00:00,12.885
2017-12-15 14:00:00,14.155000000000001
2017-12-15 16:00:00,12.305
2017-12-15 18:00:00,11.004999999999999
2017-12-15 20:00:00,10.885
2017-12-15 22:00:00,11.135
2017-12-16 00:00:00,5.465
2017-12-16 02:00:00,4.14
2017-12-16 04:00:00,3.1
2017-12-16 06:00:00,1.9100000000000001
2017-12-16 08:00:00,1.2200000000000002
2017-12-16 10:00:00,2.2800000000000002
2017-12-16 12:00:00,3.875
2017-12-16 14:00:00,5.07
2017-12-16 16:00:00,3.7649999999999997
2017-12-16 18:00:00,1.78
2017-12-16 20:00:00,1.1600000000000001
2017-12-16 22:00:00,0.675
2017-12-17 00:00:00,-0.41000000000000003
2017-12-17 02:00:00,-0.14500000000000002
2017-12-17 04:00:00,-0.115
2017-12-17 06:00:00,-0.27
2017-12-17 08:00:00,0.0049999999999999975
2017-12-17 10:00:00,0.46499999999999997
2017-12-17 12:00:00,1.3900000000000001
2017-12-17 14:00:00,2.065
2017-12-17 16:00:00,1.6
2017-12-17 18:00:00,1.25
2017-12-17 20:00:00,1.08
2017-12-17 22:00:00,0.935
2017-12-18 00:00:00,0.24500000000000002
2017-12-18 02:00:00,-0.54
2017-12-18 04:00:00,-0.885
2017-12-18 06:00:00,-1.09
2017-12-18 08:00:00,-1.505
2017-12-18 10:00:00,-0.81
2017-12-18 12:00:00,0.19
2017-12-18 14:00:00,0.79
2017-12-18 16:00:00,0.62
2017-12-18 18:00:00,0.325
2017-12-18 20:00:00,0.085
2017-12-18 22:00:00,-0.020000000000000004
2017-12-19 00:00:00,-0.07
2017-12-19 02:00:00,-0.025
2017-12-19 04:00:00,-0.095
2017-12-19 06:00:00,-0.175
2017-12-19 08:00:00,-0.125
2017-12-19 10:00:00,0.42000000000000004
2017-12-19 12:00:00,0.8500000000000001
2017-12-19 14:00:00,1.3900000000000001
2017-12-19 16:00:00,0.875
2017-12-19 18:00:00,-0.45
2017-12-19 20:00:00,-0.62
2017-12-19 22:00:00,-0.9650000000000001
2017-12-20 00:00:00,-2.1
2017-12-20 02:00:00,-2.04
2017-12-20 04:00:00,-1.8250000000000002
2017-12-20 06:00:00,-1.125
2017-12-20 08:00:00,-0.715
2017-12-20 10:00:00,-0.15
2017-12-20 12:00:00,0.5700000000000001
2017-12-20 14:00:00,0.35
2017-12-20 16:00:00,-0.22999999999999998
2017-12-20 18:00:00,-0.915
2017-12-20 20:00:00,-0.96
2017-12-20 22:00:00,-1.365
2017-12-21 00:00:00,-1.53
2017-12-21 02:00:00,-1.46
2017-12-21 04:00:00,-2.0300000000000002
2017-12-21 06:00:00,-2.43
2017-12-21 08:00:00,-2.575
2017-12-21 10:00:00,-0.64
2017-12-21 12:00:00,0.25
2017-12-21 14:00:00,0.935
2017-12-21 16:00:00,0.5349999999999999
2017-12-21 18:00:00,-0.065
2017-12-21 20:00:00,0.21000000000000002
2017-12-21 22:00:00,0.22
2017-12-22 00:00:00,0.29000000000000004
2017-12-22 02:00:00,0.5
2017-12-22 04:00:00,0.345
2017-12-22 06:00:00,0.33
2017-12-22 08:00:00,0.99
2017-12-22 10:00:00,1.96
2017-12-22 12:00:00,3.435
2017-12-22 14:00:00,3.695
2017-12-22 16:00:00,2.8449999999999998
2017-12-22 18:00:00,2.175
2017-12-22 20:00:00,3.1799999999999997
2017-12-22 22:00:00,3.52
2017-12-23 00:00:00,2.75
2017-12-23 02:00:00,2.9450000000000003
2017-12-23 04:00:00,2.84
2017-12-23 06:00:00,2.6799999999999997
2017-12-23 08:00:00,3.205
2017-12-23 10:00:00,5.3149999999999995
2017-12-23 12:00:00,5.835
2017-12-23 14:00:00,5.96
2017-12-23 16:00:00,5.775
2017-12-23 18:00:00,5.215
2017-12-23 20:00:00,5.875
2017-12-23 22:00:00,6.4399999999999995
2017-12-24 00:00:00,6.744999999999999
2017-12-24 02:00:00,6.465
2017-12-24 04:00:00,7.415
2017-12-24 06:00:00,7.390000000000001
2017-12-24 08:00:00,7.914999999999999
2017-12-24 10:00:00,10.559999999999999
2017-12-24 12:00:00,12.735
2017-12-24 14:00:00,13.6
2017-12-24 16:00:00,11.645
2017-12-24 18:00:00,8.655
2017-12-24 20:00:00,8.975000000000001
2017-12-24 22:00:00,6.545
2017-12-25 00:00:00,3.29
2017-12-25 02:00:00,3.17
2017-12-25 04:00:00,4.14
2017-12-25 06:00:00,2.015
2017-12-25 08:00:00,2.89
2017-12-25 10:00:00,7.109999999999999
2017-12-25 12:00:00,10.15
2017-12-25 14:00:00,12.375
2017-12-25 16:00:00,9.185
2017-12-25 18:00:00,3.975
2017-12-25 20:00:00,4.51
2017-12-25 22:00:00,5.545
2017-12-26 00:00:00,5.415
2017-12-26 02:00:00,3.98
2017-12-26 04:00:00,0.805
2017-12-26 06:00:00,0.385
2017-12-26 08:00:00,2.075
2017-12-26 10:00:00,8.57
2017-12-26 12:00:00,10.655000000000001
2017-12-26 14:00:00,12.195
2017-12-26 16:00:00,9.91
2017-12-26 18:00:00,8.365
2017-12-26 20:00:00,8.825
2017-12-26 22:00:00,9.2
2017-12-27 00:00:00,8.95
2017-12-27 02:00:00,8.975
2017-12-27 04:00:00,8.835
2017-12-27 06:00:00,9.7
2017-12-27 08:00:00,9.825
2017-12-27 10:00:00,12.865
2017-12-27 12:00:00,14.185
2017-12-27 14:00:00,13.739999999999998
2017-12-27 16:00:00,12.305
2017-12-27 18:00:00,11.925
2017-12-27 20:00:00,11.969999999999999
2017-12-27 22:00:00,10.36
2017-12-28 00:00:00,10.559999999999999
2017-12-28 02:00:00,10.504999999999999
2017-12-28 04:00:00,10.524999999999999
2017-12-28 06:00:00,10.52
2017-12-28 08:00:00,10.715
2017-12-28 10:00:00,11.879999999999999
2017-12-28 12:00:00,13.67
2017-12-28 14:00:00,13.785
2017-12-28 16:00:00,11.48
2017-12-28 18:00:00,9.61
2017-12-28 20:00:00,8.835
2017-12-28 22:00:00,7.845
2017-12-29 00:00:00,5.029999999999999
2017-12-29 02:00:00,2.97
2017-12-29 04:00:00,3.02
2017-12-29 06:00:00,2.885
2017-12-29 08:00:00,2.575
2017-12-29 10:00:00,3.4699999999999998
2017-12-29 12:00:00,4.0
2017-12-29 14:00:00,4.04
2017-12-29 16:00:00,3.895
2017-12-29 18:00:00,2.745
2017-12-29 20:00:00,1.08
2017-12-29 22:00:00,-0.48
2017-12-30 00:00:00,-1.03
2017-12-30 02:00:00,-2.3
2017-12-30 04:00:00,-2.785
2017-12-30 06:00:00,-4.105
2017-12-30 08:00:00,-2.9899999999999998
2017-12-30 10:00:00,2.93
2017-12-30 12:00:00,5.300000000000001
2017-12-30 14:00:00,5.37
2017-12-30 16:00:00,3.0700000000000003
2017-12-30 18:00:00,2.025
2017-12-30 20:00:00,2.33
2017-12-30 22:00:00,2.95
2017-12-31 00:00:00,2.965
2017-12-31 02:00:00,3.05
2017-12-31 04:00:00,3.415
2017-12-31 06:00:00,3.86
2017-12-31 08:00:00,5.035
2017-12-31 10:00:00,7.48
2017-12-31 12:00:00,9.415
2017-12-31 14:00:00,10.29
2017-12-31 16:00:00,9.41
2017-12-31 18:00:00,6.640000000000001
2017-12-31 20:00:00,6.96
2017-12-31 22:00:00,6.91
2018-01-01 00:00:00,5.71
2018-01-01 02:00:00,5.51
2018-01-01 04:00:00,4.285
2018-01-01 06:00:00,5.125
2018-01-01 08:00:00,6.775
2018-01-01 10:00:00,8.41
2018-01-01 12:00:00,9.395
2018-01-01 14:00:00,10.4
2018-01-01 16:00:00,10.475
2018-01-01 18:00:00,8.395
2018-01-01 20:00:00,7.029999999999999
2018-01-01 22:00:00,6.015000000000001
2018-01-02 00:00:00,4.84
2018-01-02 02:00:00,4.16
2018-01-02 04:00:00,4.045
2018-01-02 06:00:00,4.005
2018-01-02 08:00:00,3.985
2018-01-02 10:00:00,3.91
2018-01-02 12:00:00,4.045
2018-01-02 14:00:00,4.685
2018-01-02 16:00:00,5.265
2018-01-02 18:00:00,5.77
2018-01-02 20:00:00,5.2
2018-01-02 22:00:00,4.425000000000001
2018-01-03 00:00:00,3.615
2018-01-03 02:00:00,3.075
2018-01-03 04:00:00,2.38
2018-01-03 06:00:00,1.9500000000000002
2018-01-03 08:00:00,2.48
2018-01-03 10:00:00,5.9
2018-01-03 12:00:00,7.05
2018-01-03 14:00:00,8.11
2018-01-03 16:00:00,7.62
2018-01-03 18:00:00,7.15
2018-01-03 20:00:00,7.130000000000001
2018-01-03 22:00:00,6.02
2018-01-04 00:00:00,4.85
2018-01-04 02:00:00,5.455
2018-01-04 04:00:00,5.61
2018-01-04 06:00:00,5.16
2018-01-04 08:00:00,4.85
2018-01-04 10:00:00,7.07
2018-01-04 12:00:00,9.600000000000001
2018-01-04 14:00:00,10.34
2018-01-04 16:00:00,8.41
2018-01-04 18:00:00,7.385
2018-01-04 20:00:00,7.8
2018-01-04 22:00:00,7.140000000000001
2018-01-05 00:00:00,7.41
2018-01-05 02:00:00,7.74
2018-01-05 04:00:00,7.6850000000000005
2018-01-05 06:00:00,6.37
2018-01-05 08:00:00,7.175000000000001
2018-01-05 10:00:00,10.425
2018-01-05 12:00:00,14.05
2018-01-05 14:00:00,14.14
2018-01-05 16:00:00,11.805
2018-01-05 18:00:00,11.265
2018-01-05 20:00:00,11.77
2018-01-05 22:00:00,11.855
2018-01-06 00:00:00,11.23
2018-01-06 02:00:00,10.67
2018-01-06 04:00:00,10.719999999999999
2018-01-06 06:00:00,10.555
2018-01-06 08:00:00,11.03
2018-01-06 10:00:00,13.844999999999999
2018-01-06 12:00:00,15.71
2018-01-06 14:00:00,15.135
2018-01-06 16:00:00,14.575
2018-01-06 18:00:00,14.675
2018-01-06 20:00:00,14.64
2018-01-06 22:00:00,13.254999999999999
2018-01-07 00:00:00,11.61
2018-01-07 02:00:00,10.235
2018-01-07 04:00:00,10.1
2018-01-07 06:00:00,10.23
2018-01-07 08:00:00,11.385
2018-01-07 10:00:00,14.75
2018-01-07 12:00:00,17.08
2018-01-07 14:00:00,17.299999999999997
2018-01-07 16:00:00,14.015
2018-01-07 18:00:00,10.344999999999999
2018-01-07 20:00:00,9.565000000000001
2018-01-07 22:00:00,10.8
2018-01-08 00:00:00,12.855
2018-01-08 02:00:00,10.335
2018-01-08 04:00:00,9.815000000000001
2018-01-08 06:00:00,8.93
2018-01-08 08:00:00,9.22
2018-01-08 10:00:00,12.96
2018-01-08 12:00:00,15.235
2018-01-08 14:00:00,15.815000000000001
2018-01-08 16:00:00,11.74
2018-01-08 18:00:00,8.065
2018-01-08 20:00:00,6.095000000000001
2018-01-08 22:00:00,5.675
2018-01-09 00:00:00,4.915
2018-01-09 02:00:00,4.0649999999999995
2018-01-09 04:00:00,3.24
2018-01-09 06:00:00,2.8049999999999997
2018-01-09 08:00:00,2.7199999999999998
2018-01-09 10:00:00,5.68
2018-01-09 12:00:00,10.825
2018-01-09 14:00:00,10.129999999999999
2018-01-09 16:00:00,9.105
2018-01-09 18:00:00,8.32
2018-01-09 20:00:00,7.67
2018-01-09 22:00:00,7.475
2018-01-10 00:00:00,7.955
2018-01-10 02:00:00,7.82
2018-01-10 04:00:00,7.665
2018-01-10 06:00:00,7.495
2018-01-10 08:00:00,7.855
2018-01-10 10:00:00,7.955
2018-01-10 12:00:00,8.64
2018-01-10 14:00:00,7.925
2018-01-10 16:00:00,7.12
2018-01-10 18:00:00,6.145
2018-01-10 20:00:00,5.585
2018-01-10 22:00:00,5.34
2018-01-11 00:00:00,5.325
2018-01-11 02:00:00,4.88
2018-01-11 04:00:00,4.445
2018-01-11 06:00:00,4.245
2018-01-11 08:00:00,4.265000000000001
2018-01-11 10:00:00,4.279999999999999
2018-01-11 12:00:00,4.755
2018-01-11 14:00:00,5.390000000000001
2018-01-11 16:00:00,5.345
2018-01-11 18:00:00,5.17
2018-01-11 20:00:00,4.9350000000000005
2018-01-11 22:00:00,4.904999999999999
2018-01-12 00:00:00,4.789999999999999
2018-01-12 02:00:00,4.63
2018-01-12 04:00:00,4.665
2018-01-12 06:00:00,4.654999999999999
2018-01-12 08:00:00,4.615
2018-01-12 10:00:00,5.16
2018-01-12 12:00:00,6.08
2018-01-12 14:00:00,6.54
2018-01-12 16:00:00,6.28
2018-01-12 18:00:00,5.795
2018-01-12 20:00:00,5.654999999999999
2018-01-12 22:00:00,5.244999999999999
2018-01-13 00:00:00,3.805
2018-01-13 02:00:00,3.02
2018-01-13 04:00:00,3.425
2018-01-13 06:00:00,3.575
2018-01-13 08:00:00,3.615
2018-01-13 10:00:00,4.09
2018-01-13 12:00:00,4.43
2018-01-13 14:00:00,4.695
2018-01-13 16:00:00,3.12
2018-01-13 18:00:00,1.81
2018-01-13 20:00:00,0.735
2018-01-13 22:00:00,0.7949999999999999
2018-01-14 00:00:00,0.565
2018-01-14 02:00:00,-0.065
2018-01-14 04:00:00,-0.745
2018-01-14 06:00:00,-1.24
2018-01-14 08:00:00,-1.135
2018-01-14 10:00:00,-0.025000000000000022
2018-01-14 12:00:00,0.575
2018-01-14 14:00:00,0.675
2018-01-14 16:00:00,-0.46
2018-01-14 18:00:00,-1.72
2018-01-14 20:00:00,-2.37
2018-01-14 22:00:00,-2.5300000000000002
2018-01-15 00:00:00,-2.31
2018-01-15 02:00:00,-2.2649999999999997
2018-01-15 04:00:00,-2.34
2018-01-15 06:00:00,-2.42
2018-01-15 08:00:00,-2.38
2018-01-15 10:00:00,-1.54
2018-01-15 12:00:00,-1.7799999999999998
2018-01-15 14:00:00,-1.845
2018-01-15 16:00:00,-2.035
2018-01-15 18:00:00,-2.085
2018-01-15 20:00:00,-2.035
2018-01-15 22:00:00,-2.02
2018-01-16 00:00:00,-2.265
2018-01-16 02:00:00,-3.1100000000000003
2018-01-16 04:00:00,-3.59
2018-01-16 06:00:00,-2.155
2018-01-16 08:00:00,0.08000000000000002
2018-01-16 10:00:00,2.6799999999999997
2018-01-16 12:00:00,5.43
2018-01-16 14:00:00,7.220000000000001
2018-01-16 16:00:00,7.67
2018-01-16 18:00:00,8.25
2018-01-16 20:00:00,8.754999999999999
2018-01-16 22:00:00,8.98
2018-01-17 00:00:00,8.18
2018-01-17 02:00:00,7.215
2018-01-17 04:00:00,8.745000000000001
2018-01-17 06:00:00,9.315000000000001
2018-01-17 08:00:00,7.210000000000001
2018-01-17 10:00:00,4.145
2018-01-17 12:00:00,3.365
2018-01-17 14:00:00,3.43
2018-01-17 16:00:00,3.8099999999999996
2018-01-17 18:00:00,3.915
2018-01-17 20:00:00,3.71
2018-01-17 22:00:00,2.725
2018-01-18 00:00:00,2.205
2018-01-18 02:00:00,1.91
2018-01-18 04:00:00,1.635
2018-01-18 06:00:00,1.725
2018-01-18 08:00:00,1.8699999999999999
2018-01-18 10:00:00,3.84
2018-01-18 12:00:00,6.115
2018-01-18 14:00:00,7.47
2018-01-18 16:00:00,6.055
2018-01-18 18:00:00,4.855
2018-01-18 20:00:00,5.04
2018-01-18 22:00:00,4.4399999999999995
2018-01-19 00:00:00,4.18
2018-01-19 02:00:00,4.449999999999999
2018-01-19 04:00:00,4.015000000000001
2018-01-19 06:00:00,4.725
2018-01-19 08:00:00,6.545
2018-01-19 10:00:00,7.03
2018-01-19 12:00:00,8.485
2018-01-19 14:00:00,8.105
2018-01-19 16:00:00,4.42
2018-01-19 18:00:00,4.14
2018-01-19 20:00:00,5.09
2018-01-19 22:00:00,4.035
2018-01-20 00:00:00,3.4749999999999996
2018-01-20 02:00:00,2.4450000000000003
2018-01-20 04:00:00,1.975
2018-01-20 06:00:00,1.615
2018-01-20 08:00:00,1.015
2018-01-20 10:00:00,2.455
2018-01-20 12:00:00,4.375
2018-01-20 14:00:00,5.675000000000001
2018-01-20 16:00:00,4.59
2018-01-20 18:00:00,2.65
2018-01-20 20:00:00,1.85
2018-01-20 22:00:00,2.075
2018-01-21 00:00:00,1.9649999999999999
2018-01-21 02:00:00,2.76
2018-01-21 04:00:00,4.045
2018-01-21 06:00:00,4.95
2018-01-21 08:00:00,5.195
2018-01-21 10:00:00,3.96
2018-01-21 12:00:00,2.9749999999999996
2018-01-21 14:00:00,3.955
2018-01-21 16:00:00,3.605
2018-01-21 18:00:00,2.79
2018-01-21 20:00:00,1.965
2018-01-21 22:00:00,1.88
2018-01-22 00:00:00,1.795
2018-01-22 02:00:00,1.2799999999999998
2018-01-22 04:00:00,0.705
2018-01-22 06:00:00,0.185
2018-01-22 08:00:00,0.020000000000000004
2018-01-22 10:00:00,0.83
2018-01-22 12:00:00,1.74
2018-01-22 14:00:00,1.9
2018-01-22 16:00:00,1.4
2018-01-22 18:00:00,-0.61
2018-01-22 20:00:00,-0.915
2018-01-22 22:00:00,-0.245
2018-01-23 00:00:00,0.04000000000000001
2018-01-23 02:00:00,-0.5349999999999999
2018-01-23 04:00:00,-0.62
2018-01-23 06:00:00,-0.135
2018-01-23 08:00:00,-0.29000000000000004
2018-01-23 10:00:00,0.62
2018-01-23 12:00:00,2.035
2018-01-23 14:00:00,2.665
2018-01-23 16:00:00,1.79
2018-01-23 18:00:00,0.59
2018-01-23 20:00:00,-0.425
2018-01-23 22:00:00,-1.4249999999999998
2018-01-24 00:00:00,-0.5449999999999999
2018-01-24 02:00:00,0.425
2018-01-24 04:00:00,0.9450000000000001
2018-01-24 06:00:00,1.0250000000000001
2018-01-24 08:00:00,1.53
2018-01-24 10:00:00,2.46
2018-01-24 12:00:00,4.7
2018-01-24 14:00:00,5.6
2018-01-24 16:00:00,4.375
2018-01-24 18:00:00,1.635
2018-01-24 20:00:00,2.105
2018-01-24 22:00:00,1.7999999999999998
2018-01-25 00:00:00,0.915
2018-01-25 02:00:00,0.7250000000000001
2018-01-25 04:00:00,-0.32
2018-01-25 06:00:00,-1.115
2018-01-25 08:00:00,1.115
2018-01-25 10:00:00,3.2750000000000004
2018-01-25 12:00:00,5.39
2018-01-25 14:00:00,7.305
2018-01-25 16:00:00,5.76
2018-01-25 18:00:00,2.4699999999999998
2018-01-25 20:00:00,1.3399999999999999
2018-01-25 22:00:00,0.36
2018-01-26 00:00:00,2.31
2018-01-26 02:00:00,2.33
2018-01-26 04:00:00,3.065
2018-01-26 06:00:00,1.25
2018-01-26 08:00:00,2.76
2018-01-26 10:00:00,6.42
2018-01-26 12:00:00,9.445
2018-01-26 14:00:00,10.76
2018-01-26 16:00:00,7.779999999999999
2018-01-26 18:00:00,5.050000000000001
2018-01-26 20:00:00,5.855
2018-01-26 22:00:00,5.71
2018-01-27 00:00:00,4.78
2018-01-27 02:00:00,3.32
2018-01-27 04:00:00,2.125
2018-01-27 06:00:00,0.51
2018-01-27 08:00:00,0.03499999999999999
2018-01-27 10:00:00,2.7
2018-01-27 12:00:00,5.33
2018-01-27 14:00:00,7.625
2018-01-27 16:00:00,7.1850000000000005
2018-01-27 18:00:00,4.02
2018-01-27 20:00:00,1.375
2018-01-27 22:00:00,0.155
2018-01-28 00:00:00,0.22499999999999998
2018-01-28 02:00:00,0.35
2018-01-28 04:00:00,0.93
2018-01-28 06:00:00,1.635
2018-01-28 08:00:00,2.04
2018-01-28 10:00:00,2.355
2018-01-28 12:00:00,2.77
2018-01-28 14:00:00,3.24
2018-01-28 16:00:00,2.94
2018-01-28 18:00:00,2.3200000000000003
2018-01-28 20:00:00,1.85
2018-01-28 22:00:00,1.57
2018-01-29 00:00:00,0.855
2018-01-29 02:00:00,0.1
2018-01-29 04:00:00,-0.51
2018-01-29 06:00:00,-0.375
2018-01-29 08:00:00,0.125
2018-01-29 10:00:00,4.135
2018-01-29 12:00:00,10.235
2018-01-29 14:00:00,12.370000000000001
2018-01-29 16:00:00,11.815
2018-01-29 18:00:00,8.675
2018-01-29 20:00:00,9.61
2018-01-29 22:00:00,10.69
2018-01-30 00:00:00,10.25
2018-01-30 02:00:00,8.58
2018-01-30 04:00:00,7.699999999999999
2018-01-30 06:00:00,5.154999999999999
2018-01-30 08:00:00,5.74
2018-01-30 10:00:00,11.26
2018-01-30 12:00:00,12.785
2018-01-30 14:00:00,12.705
2018-01-30 16:00:00,11.105
2018-01-30 18:00:00,6.97
2018-01-30 20:00:00,3.565
2018-01-30 22:00:00,2.17
2018-01-31 00:00:00,1.1800000000000002
2018-01-31 02:00:00,1.225
2018-01-31 04:00:00,1.72
2018-01-31 06:00:00,1.105
2018-01-31 08:00:00,3.45
2018-01-31 10:00:00,9.23
2018-01-31 12:00:00,11.120000000000001
2018-01-31 14:00:00,11.58
2018-01-31 16:00:00,10.120000000000001
2018-01-31 18:00:00,6.16
2018-01-31 20:00:00,3.025
2018-01-31 22:00:00,5.255
2018-02-01 00:00:00,6.555
2018-02-01 02:00:00,6.390000000000001
2018-02-01 04:00:00,6.63
2018-02-01 06:00:00,7.285
2018-02-01 08:00:00,8.844999999999999
2018-02-01 10:00:00,10.370000000000001
2018-02-01 12:00:00,13.55
2018-02-01 14:00:00,15.629999999999999
2018-02-01 16:00:00,14.235
2018-02-01 18:00:00,11.7
2018-02-01 20:00:00,10.48
2018-02-01 22:00:00,10.42
2018-02-02 00:00:00,10.594999999999999
2018-02-02 02:00:00,10.27
2018-02-02 04:00:00,9.82
2018-02-02 06:00:00,9.504999999999999
2018-02-02 08:00:00,10.27
2018-02-02 10:00:00,13.765
2018-02-02 12:00:00,15.565000000000001
2018-02-02 14:00:00,15.955
2018-02-02 16:00:00,15.745000000000001
2018-02-02 18:00:00,11.64
2018-02-02 20:00:00,5.515
2018-02-02 22:00:00,4.275
2018-02-03 00:00:00,4.005
2018-02-03 02:00:00,2.98
2018-02-03 04:00:00,2.615
2018-02-03 06:00:00,2.33
2018-02-03 08:00:00,2.23
2018-02-03 10:00:00,1.13
2018-02-03 12:00:00,0.305
2018-02-03 14:00:00,0.865
2018-02-03 16:00:00,0.955
2018-02-03 18:00:00,0.9299999999999999
2018-02-03 20:00:00,0.575
2018-02-03 22:00:00,0.44
2018-02-04 00:00:00,0.61
2018-02-04 02:00:00,0.475
2018-02-04 04:00:00,0.605
2018-02-04 06:00:00,0.9099999999999999
2018-02-04 08:00:00,1.37
2018-02-04 10:00:00,2.585
2018-02-04 12:00:00,4.285
2018-02-04 14:00:00,5.24
2018-02-04 16:00:00,4.335
2018-02-04 18:00:00,1.835
2018-02-04 20:00:00,-0.16999999999999998
2018-02-04 22:00:00,0.265
2018-02-05 00:00:00,0.07
2018-02-05 02:00:00,-0.22000000000000003
2018-02-05 04:00:00,-1.225
2018-02-05 06:00:00,-1.91
2018-02-05 08:00:00,-1.3599999999999999
2018-02-05 10:00:00,1.9300000000000002
2018-02-05 12:00:00,4.77
2018-02-05 14:00:00,5.62
2018-02-05 16:00:00,4.3149999999999995
2018-02-05 18:00:00,1.8699999999999999
2018-02-05 20:00:00,-0.575
2018-02-05 22:00:00,-0.74
2018-02-06 00:00:00,-0.595
2018-02-06 02:00:00,-0.69
2018-02-06 04:00:00,-1.43
2018-02-06 06:00:00,-2.445
2018-02-06 08:00:00,-1.72
2018-02-06 10:00:00,-0.98
2018-02-06 12:00:00,0.08000000000000002
2018-02-06 14:00:00,3.365
2018-02-06 16:00:00,3.975
2018-02-06 18:00:00,2.665
2018-02-06 20:00:00,1.9
2018-02-06 22:00:00,1.6400000000000001
2018-02-07 00:00:00,1.5499999999999998
2018-02-07 02:00:00,1.7
2018-02-07 04:00:00,2.705
2018-02-07 06:00:00,6.705
2018-02-07 08:00:00,6.6899999999999995
2018-02-07 10:00:00,8.025
2018-02-07 12:00:00,10.315
2018-02-07 14:00:00,11.66
2018-02-07 16:00:00,10.719999999999999
2018-02-07 18:00:00,8.0
2018-02-07 20:00:00,6.99
2018-02-07 22:00:00,6.67
2018-02-08 00:00:00,5.115
2018-02-08 02:00:00,2.56
2018-02-08 04:00:00,1.965
2018-02-08 06:00:00,1.625
2018-02-08 08:00:00,1.335
2018-02-08 10:00:00,1.62
2018-02-08 12:00:00,1.975
2018-02-08 14:00:00,1.94
2018-02-08 16:00:00,1.71
2018-02-08 18:00:00,1.525
2018-02-08 20:00:00,1.615
2018-02-08 22:00:00,1.78
2018-02-09 00:00:00,1.82
2018-02-09 02:00:00,1.7349999999999999
2018-02-09 04:00:00,1.495
2018-02-09 06:00:00,1.48
2018-02-09 08:00:00,1.45
2018-02-09 10:00:00,2.54
2018-02-09 12:00:00,3.715
2018-02-09 14:00:00,5.1
2018-02-09 16:00:00,5.140000000000001
2018-02-09 18:00:00,2.3
2018-02-09 20:00:00,0.79
2018-02-09 22:00:00,1.055
2018-02-10 00:00:00,0.105
2018-02-10 02:00:00,0.07999999999999999
2018-02-10 04:00:00,-0.74
2018-02-10 06:00:00,-1.665
2018-02-10 08:00:00,-1.37
2018-02-10 10:00:00,0.024999999999999994
2018-02-10 12:00:00,1.445
2018-02-10 14:00:00,2.56
2018-02-10 16:00:00,2.635
2018-02-10 18:00:00,2.0
2018-02-10 20:00:00,2.2199999999999998
2018-02-10 22:00:00,1.85
2018-02-11 00:00:00,0.925
2018-02-11 02:00:00,1.17
2018-02-11 04:00:00,1.02
2018-02-11 06:00:00,0.84
2018-02-11 08:00:00,0.54
2018-02-11 10:00:00,1.085
2018-02-11 12:00:00,2.495
2018-02-11 14:00:00,3.37
2018-02-11 16:00:00,3.2199999999999998
2018-02-11 18:00:00,1.56
2018-02-11 20:00:00,-0.10999999999999999
2018-02-11 22:00:00,-0.745
2018-02-12 00:00:00,-1.63
2018-02-12 02:00:00,-2.3049999999999997
2018-02-12 04:00:00,-3.29
2018-02-12 06:00:00,-3.5
2018-02-12 08:00:00,-1.635
2018-02-12 10:00:00,2.95
2018-02-12 12:00:00,5.225
2018-02-12 14:00:00,5.35
2018-02-12 16:00:00,4.805
2018-02-12 18:00:00,3.8899999999999997
2018-02-12 20:00:00,3.3449999999999998
2018-02-12 22:00:00,2.885
2018-02-13 00:00:00,2.205
2018-02-13 02:00:00,1.585
2018-02-13 04:00:00,1.255
2018-02-13 06:00:00,0.33
2018-02-13 08:00:00,0.1
2018-02-13 10:00:00,0.155
2018-02-13 12:00:00,0.16
2018-02-13 14:00:00,0.215
2018-02-13 16:00:00,0.22
2018-02-13 18:00:00,0.09000000000000001
2018-02-13 20:00:00,0.02
2018-02-13 22:00:00,0.03
2018-02-14 00:00:00,0.195
2018-02-14 02:00:00,0.245
2018-02-14 04:00:00,0.325
2018-02-14 06:00:00,0.47
2018-02-14 08:00:00,0.685
2018-02-14 10:00:00,0.9450000000000001
2018-02-14 12:00:00,1.295
2018-02-14 14:00:00,1.5750000000000002
2018-02-14 16:00:00,1.67
2018-02-14 18:00:00,1.205
2018-02-14 20:00:00,0.63
2018-02-14 22:00:00,0.88
2018-02-15 00:00:00,0.885
2018-02-15 02:00:00,0.74
2018-02-15 04:00:00,0.63
2018-02-15 06:00:00,0.5800000000000001
2018-02-15 08:00:00,0.6950000000000001
2018-02-15 10:00:00,1.55
2018-02-15 12:00:00,2.815
2018-02-15 14:00:00,3.45
2018-02-15 16:00:00,3.01
2018-02-15 18:00:00,2.255
2018-02-15 20:00:00,1.605
2018-02-15 22:00:00,1.065
2018-02-16 00:00:00,1.01
2018-02-16 02:00:00,0.9500000000000001
2018-02-16 04:00:00,0.945
2018-02-16 06:00:00,0.37
2018-02-16 08:00:00,1.835
2018-02-16 10:00:00,4.715
2018-02-16 12:00:00,6.21
2018-02-16 14:00:00,6.575
2018-02-16 16:00:00,6.475
2018-02-16 18:00:00,5.015000000000001
2018-02-16 20:00:00,3.5
2018-02-16 22:00:00,2.695
2018-02-17 00:00:00,2.015
2018-02-17 02:00:00,0.455
2018-02-17 04:00:00,-0.09
2018-02-17 06:00:00,-0.635
2018-02-17 08:00:00,0.495
2018-02-17 10:00:00,4.955
2018-02-17 12:00:00,6.984999999999999
2018-02-17 14:00:00,7.42
2018-02-17 16:00:00,6.904999999999999
2018-02-17 18:00:00,4.199999999999999
2018-02-17 20:00:00,3.38
2018-02-17 22:00:00,3.38
2018-02-18 00:00:00,3.07
2018-02-18 02:00:00,2.54
2018-02-18 04:00:00,2.215
2018-02-18 06:00:00,2.215
2018-02-18 08:00:00,2.185
2018-02-18 10:00:00,1.98
2018-02-18 12:00:00,1.98
2018-02-18 14:00:00,2.16
2018-02-18 16:00:00,1.9949999999999999
2018-02-18 18:00:00,1.92
2018-02-18 20:00:00,1.845
2018-02-18 22:00:00,1.4449999999999998
2018-02-19 00:00:00,0.39
2018-02-19 02:00:00,-0.375
2018-02-19 04:00:00,-0.8799999999999999
2018-02-19 06:00:00,-1.215
2018-02-19 08:00:00,-1.145
2018-02-19 10:00:00,-0.64
2018-02-19 12:00:00,-0.2
2018-02-19 14:00:00,0.985
2018-02-19 16:00:00,1.19
2018-02-19 18:00:00,0.39
2018-02-19 20:00:00,1.19
2018-02-19 22:00:00,1.575
2018-02-20 00:00:00,1.3
2018-02-20 02:00:00,1.145
2018-02-20 04:00:00,1.0150000000000001
2018-02-20 06:00:00,0.46
2018-02-20 08:00:00,-0.16999999999999998
2018-02-20 10:00:00,0.21
2018-02-20 12:00:00,1.01
2018-02-20 14:00:00,1.8050000000000002
2018-02-20 16:00:00,1.16
2018-02-20 18:00:00,0.11
2018-02-20 20:00:00,-0.02
2018-02-20 22:00:00,-0.04
2018-02-21 00:00:00,0.09
2018-02-21 02:00:00,0.015
2018-02-21 04:00:00,0.035
2018-02-21 06:00:00,0.1
2018-02-21 08:00:00,0.25
2018-02-21 10:00:00,0.545
2018-02-21 12:00:00,0.825
2018-02-21 14:00:00,1.1800000000000002
2018-02-21 16:00:00,1.3849999999999998
2018-02-21 18:00:00,1.39
2018-02-21 20:00:00,1.265
2018-02-21 22:00:00,0.875
2018-02-22 00:00:00,0.995
2018-02-22 02:00:00,1.4049999999999998
2018-02-22 04:00:00,0.35000000000000003
2018-02-22 06:00:00,0.13
2018-02-22 08:00:00,0.145
2018-02-22 10:00:00,0.2
2018-02-22 12:00:00,0.64
2018-02-22 14:00:00,1.33
2018-02-22 16:00:00,0.96
2018-02-22 18:00:00,0.895
2018-02-22 20:00:00,0.975
2018-02-22 22:00:00,0.965
2018-02-23 00:00:00,0.895
2018-02-23 02:00:00,0.8500000000000001
2018-02-23 04:00:00,1.2149999999999999
2018-02-23 06:00:00,1.12
2018-02-23 08:00:00,1.2
2018-02-23 10:00:00,2.3600000000000003
2018-02-23 12:00:00,4.005
2018-02-23 14:00:00,4.805
2018-02-23 16:00:00,4.545
2018-02-23 18:00:00,3.8
2018-02-23 20:00:00,3.195
2018-02-23 22:00:00,2.615
2018-02-24 00:00:00,2.19
2018-02-24 02:00:00,1.385
2018-02-24 04:00:00,-0.125
2018-02-24 06:00:00,-1.0
2018-02-24 08:00:00,-1.3199999999999998
2018-02-24 10:00:00,-1.4849999999999999
2018-02-24 12:00:00,-1.26
2018-02-24 14:00:00,-1.4049999999999998
2018-02-24 16:00:00,-1.49
2018-02-24 18:00:00,-1.33
2018-02-24 20:00:00,-1.31
2018-02-24 22:00:00,-1.5150000000000001
2018-02-25 00:00:00,-2.06
2018-02-25 02:00:00,-3.375
2018-02-25 04:00:00,-4.635
2018-02-25 06:00:00,-5.4350000000000005
2018-02-25 08:00:00,-6.15
2018-02-25 10:00:00,-5.605
2018-02-25 12:00:00,-4.970000000000001
2018-02-25 14:00:00,-4.5600000000000005
2018-02-25 16:00:00,-3.96
2018-02-25 18:00:00,-4.145
2018-02-25 20:00:00,-5.025
2018-02-25 22:00:00,-5.890000000000001
2018-02-26 00:00:00,-6.785
2018-02-26 02:00:00,-8.1
2018-02-26 04:00:00,-8.504999999999999
2018-02-26 06:00:00,-8.684999999999999
2018-02-26 08:00:00,-7.890000000000001
2018-02-26 10:00:00,-6.475
2018-02-26 12:00:00,-5.48
2018-02-26 14:00:00,-5.345
2018-02-26 16:00:00,-5.51
2018-02-26 18:00:00,-6.0
2018-02-26 20:00:00,-6.3149999999999995
2018-02-26 22:00:00,-6.58
2018-02-27 00:00:00,-7.115
2018-02-27 02:00:00,-7.445
2018-02-27 04:00:00,-7.415
2018-02-27 06:00:00,-7.665
2018-02-27 08:00:00,-7.51
2018-02-27 10:00:00,-6.074999999999999
2018-02-27 12:00:00,-5.355
2018-02-27 14:00:00,-4.42
2018-02-27 16:00:00,-5.635
2018-02-27 18:00:00,-6.505
2018-02-27 20:00:00,-6.68
2018-02-27 22:00:00,-6.654999999999999
2018-02-28 00:00:00,-6.965
2018-02-28 02:00:00,-7.27
2018-02-28 04:00:00,-7.445
2018-02-28 06:00:00,-8.055
2018-02-28 08:00:00,-8.719999999999999
2018-02-28 10:00:00,-7.879999999999999
2018-02-28 12:00:00,-7.4399999999999995
2018-02-28 14:00:00,-6.92
2018-02-28 16:00:00,-6.805
2018-02-28 18:00:00,-7.9399999999999995
2018-02-28 20:00:00,-12.23
2018-02-28 22:00:00,-13.620000000000001
2018-03-01 00:00:00,-13.17
2018-03-01 02:00:00,-13.36
2018-03-01 04:00:00,-13.365
2018-03-01 06:00:00,-13.73
2018-03-01 08:00:00,-11.285
2018-03-01 10:00:00,-6.359999999999999
2018-03-01 12:00:00,-4.380000000000001
2018-03-01 14:00:00,-4.66
2018-03-01 16:00:00,-5.035
2018-03-01 18:00:00,-6.195
2018-03-01 20:00:00,-6.895
2018-03-01 22:00:00,-6.505
2018-03-02 00:00:00,-5.785
2018-03-02 02:00:00,-4.484999999999999
2018-03-02 04:00:00,-3.26
2018-03-02 06:00:00,-2.9050000000000002
2018-03-02 08:00:00,-2.29
2018-03-02 10:00:00,-1.0150000000000001
2018-03-02 12:00:00,-0.835
2018-03-02 14:00:00,-1.0050000000000001
2018-03-02 16:00:00,-1.085
2018-03-02 18:00:00,-1.2149999999999999
2018-03-02 20:00:00,-1.06
2018-03-02 22:00:00,-1.025
2018-03-03 00:00:00,-0.7649999999999999
2018-03-03 02:00:00,-1.4649999999999999
2018-03-03 04:00:00,-2.135
2018-03-03 06:00:00,-2.875
2018-03-03 08:00:00,-2.7199999999999998
2018-03-03 10:00:00,-1.625
2018-03-03 12:00:00,-1.19
2018-03-03 14:00:00,-0.815
2018-03-03 16:00:00,-1.1099999999999999
2018-03-03 18:00:00,-3.065
2018-03-03 20:00:00,-2.63
2018-03-03 22:00:00,-2.19
2018-03-04 00:00:00,-1.87
2018-03-04 02:00:00,-1.795
2018-03-04 04:00:00,-1.675
2018-03-04 06:00:00,-1.815
2018-03-04 08:00:00,-1.785
2018-03-04 10:00:00,-1.895
2018-03-04 12:00:00,-0.835
2018-03-04 14:00:00,-0.6
2018-03-04 16:00:00,-1.355
2018-03-04 18:00:00,-1.79
2018-03-04 20:00:00,-1.775
2018-03-04 22:00:00,-2.035
2018-03-05 00:00:00,-3.41
2018-03-05 02:00:00,-5.5649999999999995
2018-03-05 04:00:00,-6.685
2018-03-05 06:00:00,-6.27
2018-03-05 08:00:00,-3.885
2018-03-05 10:00:00,-1.12
2018-03-05 12:00:00,0.7250000000000001
2018-03-05 14:00:00,2.365
2018-03-05 16:00:00,3.11
2018-03-05 18:00:00,1.9949999999999999
2018-03-05 20:00:00,1.385
2018-03-05 22:00:00,1.24
2018-03-06 00:00:00,1.2650000000000001
2018-03-06 02:00:00,3.3
2018-03-06 04:00:00,3.5999999999999996
2018-03-06 06:00:00,4.109999999999999
2018-03-06 08:00:00,3.8
2018-03-06 10:00:00,6.845
2018-03-06 12:00:00,5.855
2018-03-06 14:00:00,4.15
2018-03-06 16:00:00,2.9850000000000003
2018-03-06 18:00:00,2.7
2018-03-06 20:00:00,1.85
2018-03-06 22:00:00,2.325
2018-03-07 00:00:00,2.185
2018-03-07 02:00:00,1.75
2018-03-07 04:00:00,1.895
2018-03-07 06:00:00,1.625
2018-03-07 08:00:00,3.285
2018-03-07 10:00:00,5.654999999999999
2018-03-07 12:00:00,6.88
2018-03-07 14:00:00,8.85
2018-03-07 16:00:00,11.925
2018-03-07 18:00:00,9.149999999999999
2018-03-07 20:00:00,7.8149999999999995
2018-03-07 22:00:00,7.07
2018-03-08 00:00:00,5.87
2018-03-08 02:00:00,6.609999999999999
2018-03-08 04:00:00,5.2
2018-03-08 06:00:00,6.24
2018-03-08 08:00:00,5.505
2018-03-08 10:00:00,4.59
2018-03-08 12:00:00,4.145
2018-03-08 14:00:00,3.965
2018-03-08 16:00:00,3.665
2018-03-08 18:00:00,3.93
2018-03-08 20:00:00,3.865
2018-03-08 22:00:00,2.5700000000000003
2018-03-09 00:00:00,2.83
2018-03-09 02:00:00,3.2
2018-03-09 04:00:00,3.9349999999999996
2018-03-09 06:00:00,5.4399999999999995
2018-03-09 08:00:00,7.755
2018-03-09 10:00:00,11.370000000000001
2018-03-09 12:00:00,13.865
2018-03-09 14:00:00,15.100000000000001
2018-03-09 16:00:00,15.030000000000001
2018-03-09 18:00:00,10.95
2018-03-09 20:00:00,7.77
2018-03-09 22:00:00,7.415
2018-03-10 00:00:00,6.925
2018-03-10 02:00:00,6.62
2018-03-10 04:00:00,6.755000000000001
2018-03-10 06:00:00,7.109999999999999
2018-03-10 08:00:00,9.66
2018-03-10 10:00:00,13.435
2018-03-10 12:00:00,16.475
2018-03-10 14:00:00,17.675
2018-03-10 16:00:00,15.9
2018-03-10 18:00:00,13.77
2018-03-10 20:00:00,11.094999999999999
2018-03-10 22:00:00,9.925
2018-03-11 00:00:00,9.870000000000001
2018-03-11 02:00:00,10.98
2018-03-11 04:00:00,11.02
2018-03-11 06:00:00,11.16
2018-03-11 08:00:00,13.370000000000001
2018-03-11 10:00:00,17.085
2018-03-11 12:00:00,19.195
2018-03-11 14:00:00,20.369999999999997
2018-03-11 16:00:00,19.82
2018-03-11 18:00:00,15.29
2018-03-11 20:00:00,16.745
2018-03-11 22:00:00,18.049999999999997
2018-03-12 00:00:00,17.59
2018-03-12 02:00:00,17.115000000000002
2018-03-12 04:00:00,14.68
2018-03-12 06:00:00,14.465
2018-03-12 08:00:00,15.600000000000001
2018-03-12 10:00:00,18.59
2018-03-12 12:00:00,17.96
2018-03-12 14:00:00,19.125
2018-03-12 16:00:00,14.515
2018-03-12 18:00:00,9.785
2018-03-12 20:00:00,8.094999999999999
2018-03-12 22:00:00,7.775
2018-03-13 00:00:00,9.33
2018-03-13 02:00:00,9.445
2018-03-13 04:00:00,8.76
2018-03-13 06:00:00,8.115
2018-03-13 08:00:00,10.8
2018-03-13 10:00:00,12.715
2018-03-13 12:00:00,14.915
2018-03-13 14:00:00,15.705
2018-03-13 16:00:00,15.84
2018-03-13 18:00:00,12.035
2018-03-13 20:00:00,9.100000000000001
2018-03-13 22:00:00,8.515
2018-03-14 00:00:00,9.555
2018-03-14 02:00:00,8.655000000000001
2018-03-14 04:00:00,8.19
2018-03-14 06:00:00,7.26
2018-03-14 08:00:00,8.655
2018-03-14 10:00:00,10.385
2018-03-14 12:00:00,10.82
2018-03-14 14:00:00,10.675
2018-03-14 16:00:00,10.705
2018-03-14 18:00:00,9.945
2018-03-14 20:00:00,8.510000000000002
2018-03-14 22:00:00,7.859999999999999
2018-03-15 00:00:00,6.4
2018-03-15 02:00:00,4.37
2018-03-15 04:00:00,2.63
2018-03-15 06:00:00,2.46
2018-03-15 08:00:00,7.3
2018-03-15 10:00:00,12.235
2018-03-15 12:00:00,14.875
2018-03-15 14:00:00,16.25
2018-03-15 16:00:00,15.46
2018-03-15 18:00:00,12.895
2018-03-15 20:00:00,11.6
2018-03-15 22:00:00,11.870000000000001
2018-03-16 00:00:00,11.635
2018-03-16 02:00:00,11.75
2018-03-16 04:00:00,10.86
2018-03-16 06:00:00,9.885
2018-03-16 08:00:00,10.5
2018-03-16 10:00:00,11.25
2018-03-16 12:00:00,11.86
2018-03-16 14:00:00,12.735
2018-03-16 16:00:00,11.809999999999999
2018-03-16 18:00:00,11.93
2018-03-16 20:00:00,10.41
2018-03-16 22:00:00,8.565
2018-03-17 00:00:00,6.785
2018-03-17 02:00:00,6.26
2018-03-17 04:00:00,9.085
2018-03-17 06:00:00,9.415
2018-03-17 08:00:00,9.265
2018-03-17 10:00:00,9.495000000000001
2018-03-17 12:00:00,9.87
2018-03-17 14:00:00,9.73
2018-03-17 16:00:00,8.835
2018-03-17 18:00:00,8.114999999999998
2018-03-17 20:00:00,6.880000000000001
2018-03-17 22:00:00,4.15
2018-03-18 00:00:00,3.005
2018-03-18 02:00:00,2.1
2018-03-18 04:00:00,1.625
2018-03-18 06:00:00,0.03999999999999998
2018-03-18 08:00:00,-0.495
2018-03-18 10:00:00,0.06
2018-03-18 12:00:00,1.885
2018-03-18 14:00:00,2.23
2018-03-18 16:00:00,1.505
2018-03-18 18:00:00,0.7250000000000001
2018-03-18 20:00:00,-0.43500000000000005
2018-03-18 22:00:00,-1.295
2018-03-19 00:00:00,-1.665
2018-03-19 02:00:00,-1.9949999999999999
2018-03-19 04:00:00,-2.5300000000000002
2018-03-19 06:00:00,-2.635
2018-03-19 08:00:00,-2.48
2018-03-19 10:00:00,-1.595
2018-03-19 12:00:00,-1.3050000000000002
2018-03-19 14:00:00,-1.1749999999999998
2018-03-19 16:00:00,-1.125
2018-03-19 18:00:00,-1.0950000000000002
2018-03-19 20:00:00,-1.415
2018-03-19 22:00:00,-1.765
2018-03-20 00:00:00,-2.045
2018-03-20 02:00:00,-2.16
2018-03-20 04:00:00,-2.17
2018-03-20 06:00:00,-1.865
2018-03-20 08:00:00,-1.6
2018-03-20 10:00:00,-1.02
2018-03-20 12:00:00,-0.47500000000000003
2018-03-20 14:00:00,0.285
2018-03-20 16:00:00,0.505
2018-03-20 18:00:00,-0.07
2018-03-20 20:00:00,-0.125
2018-03-20 22:00:00,-0.255
2018-03-21 00:00:00,-0.51
2018-03-21 02:00:00,-0.5
2018-03-21 04:00:00,-0.53
2018-03-21 06:00:00,-1.79
2018-03-21 08:00:00,-2.0250000000000004
2018-03-21 10:00:00,-1.455
2018-03-21 12:00:00,-1.42
2018-03-21 14:00:00,0.155
2018-03-21 16:00:00,1.19
2018-03-21 18:00:00,0.175
2018-03-21 20:00:00,-0.675
2018-03-21 22:00:00,-1.02
2018-03-22 00:00:00,-0.55
2018-03-22 02:00:00,-0.8049999999999999
2018-03-22 04:00:00,-1.85
2018-03-22 06:00:00,-2.285
2018-03-22 08:00:00,-1.29
2018-03-22 10:00:00,-0.39499999999999996
2018-03-22 12:00:00,0.6950000000000001
2018-03-22 14:00:00,0.76
2018-03-22 16:00:00,-0.03
2018-03-22 18:00:00,-0.485
2018-03-22 20:00:00,-1.87
2018-03-22 22:00:00,-2.395
2018-03-23 00:00:00,-2.505
2018-03-23 02:00:00,-2.505
2018-03-23 04:00:00,-2.335
2018-03-23 06:00:00,-2.34
2018-03-23 08:00:00,-2.145
2018-03-23 10:00:00,-1.125
2018-03-23 12:00:00,-0.675
2018-03-23 14:00:00,-0.37
2018-03-23 16:00:00,-0.43000000000000005
2018-03-23 18:00:00,-1.2
2018-03-23 20:00:00,-1.2850000000000001
2018-03-23 22:00:00,-1.205
2018-03-24 00:00:00,-1.9249999999999998
2018-03-24 02:00:00,-1.605
2018-03-24 04:00:00,-1.6549999999999998
2018-03-24 06:00:00,-1.505
2018-03-24 08:00:00,0.24000000000000002
2018-03-24 10:00:00,2.415
2018-03-24 12:00:00,3.21
2018-03-24 14:00:00,3.565
2018-03-24 16:00:00,2.8899999999999997
2018-03-24 18:00:00,1.535
2018-03-24 20:00:00,0.775
2018-03-24 22:00:00,0.82
2018-03-25 00:00:00,1.28
2018-03-25 02:00:00,-0.20500000000000007
2018-03-25 04:00:00,-1.07
2018-03-25 06:00:00,0.195
2018-03-25 08:00:00,2.315
2018-03-25 10:00:00,4.265
2018-03-25 12:00:00,6.25
2018-03-25 14:00:00,8.05
2018-03-25 16:00:00,7.869999999999999
2018-03-25 18:00:00,5.25
2018-03-25 20:00:00,2.4
2018-03-25 22:00:00,1.63
2018-03-26 00:00:00,1.1
2018-03-26 02:00:00,1.585
2018-03-26 04:00:00,1.7
2018-03-26 06:00:00,1.865
2018-03-26 08:00:00,2.19
2018-03-26 10:00:00,3.0549999999999997
2018-03-26 12:00:00,3.985
2018-03-26 14:00:00,4.55
2018-03-26 16:00:00,4.425
2018-03-26 18:00:00,4.085
2018-03-26 20:00:00,3.8499999999999996
2018-03-26 22:00:00,3.585
2018-03-27 00:00:00,3.285
2018-03-27 02:00:00,3.42
2018-03-27 04:00:00,3.51
2018-03-27 06:00:00,3.09
2018-03-27 08:00:00,4.515
2018-03-27 10:00:00,7.405
2018-03-27 12:00:00,8.18
2018-03-27 14:00:00,8.74
2018-03-27 16:00:00,8.765
2018-03-27 18:00:00,5.98
2018-03-27 20:00:00,4.07
2018-03-27 22:00:00,3.5250000000000004
2018-03-28 00:00:00,2.685
2018-03-28 02:00:00,3.045
2018-03-28 04:00:00,1.9649999999999999
2018-03-28 06:00:00,1.555
2018-03-28 08:00:00,7.675
2018-03-28 10:00:00,11.76
2018-03-28 12:00:00,12.95
2018-03-28 14:00:00,13.61
2018-03-28 16:00:00,13.754999999999999
2018-03-28 18:00:00,10.935
2018-03-28 20:00:00,7.56
2018-03-28 22:00:00,9.469999999999999
2018-03-29 00:00:00,9.73
2018-03-29 02:00:00,9.225
2018-03-29 04:00:00,7.92
2018-03-29 06:00:00,8.285
2018-03-29 08:00:00,9.780000000000001
2018-03-29 10:00:00,10.565
2018-03-29 12:00:00,13.114999999999998
2018-03-29 14:00:00,13.190000000000001
2018-03-29 16:00:00,11.82
2018-03-29 18:00:00,11.035
2018-03-29 20:00:00,10.024999999999999
2018-03-29 22:00:00,8.695
2018-03-30 00:00:00,8.265
2018-03-30 02:00:00,10.37
2018-03-30 04:00:00,10.945
2018-03-30 06:00:00,11.78
2018-03-30 08:00:00,15.405
2018-03-30 10:00:00,19.235
2018-03-30 12:00:00,20.1
2018-03-30 14:00:00,20.685000000000002
2018-03-30 16:00:00,21.195
2018-03-30 18:00:00,18.935000000000002
2018-03-30 20:00:00,16.585
2018-03-30 22:00:00,15.865
2018-03-31 00:00:00,14.995000000000001
2018-03-31 02:00:00,12.315
2018-03-31 04:00:00,14.504999999999999
2018-03-31 06:00:00,15.58
2018-03-31 08:00:00,17.665
2018-03-31 10:00:00,20.244999999999997
2018-03-31 12:00:00,21.62
2018-03-31 14:00:00,21.61
2018-03-31 16:00:00,20.564999999999998
2018-03-31 18:00:00,19.24
2018-03-31 20:00:00,12.285
2018-03-31 22:00:00,8.129999999999999
2018-04-01 00:00:00,8.265
2018-04-01 02:00:00,8.945
2018-04-01 04:00:00,7.8149999999999995
2018-04-01 06:00:00,7.369999999999999
2018-04-01 08:00:00,8.27
2018-04-01 10:00:00,9.995000000000001
2018-04-01 12:00:00,12.035
2018-04-01 14:00:00,13.6
2018-04-01 16:00:00,13.45
2018-04-01 18:00:00,7.115
2018-04-01 20:00:00,9.52
2018-04-01 22:00:00,9.33
2018-04-02 00:00:00,8.29
2018-04-02 02:00:00,8.004999999999999
2018-04-02 04:00:00,7.904999999999999
2018-04-02 06:00:00,7.27
2018-04-02 08:00:00,10.06
2018-04-02 10:00:00,12.53
2018-04-02 12:00:00,14.155000000000001
2018-04-02 14:00:00,15.2
2018-04-02 16:00:00,15.495000000000001
2018-04-02 18:00:00,12.535
2018-04-02 20:00:00,9.29
2018-04-02 22:00:00,10.975
2018-04-03 00:00:00,11.19
2018-04-03 02:00:00,9.93
2018-04-03 04:00:00,9.45
2018-04-03 06:00:00,10.945
2018-04-03 08:00:00,14.265
2018-04-03 10:00:00,17.7
2018-04-03 12:00:00,19.365000000000002
2018-04-03 14:00:00,20.369999999999997
2018-04-03 16:00:00,21.07
2018-04-03 18:00:00,18.275
2018-04-03 20:00:00,14.905
2018-04-03 22:00:00,12.225
2018-04-04 00:00:00,12.145
2018-04-04 02:00:00,12.97
2018-04-04 04:00:00,11.92
2018-04-04 06:00:00,12.600000000000001
2018-04-04 08:00:00,16.78
2018-04-04 10:00:00,20.57
2018-04-04 12:00:00,21.39
2018-04-04 14:00:00,21.240000000000002
2018-04-04 16:00:00,20.205
2018-04-04 18:00:00,18.02
2018-04-04 20:00:00,15.05
2018-04-04 22:00:00,13.545
2018-04-05 00:00:00,13.445
2018-04-05 02:00:00,11.445
2018-04-05 04:00:00,12.719999999999999
2018-04-05 06:00:00,13.635
2018-04-05 08:00:00,16.505
2018-04-05 10:00:00,19.435
2018-04-05 12:00:00,20.48
2018-04-05 14:00:00,18.465
2018-04-05 16:00:00,12.435
2018-04-05 18:00:00,12.05
2018-04-05 20:00:00,11.934999999999999
2018-04-05 22:00:00,11.76
2018-04-06 00:00:00,12.025
2018-04-06 02:00:00,11.16
2018-04-06 04:00:00,10.59
2018-04-06 06:00:00,10.165
2018-04-06 08:00:00,10.615
2018-04-06 10:00:00,11.23
2018-04-06 12:00:00,11.995000000000001
2018-04-06 14:00:00,12.775
2018-04-06 16:00:00,13.04
2018-04-06 18:00:00,12.42
2018-04-06 20:00:00,10.735
2018-04-06 22:00:00,9.195
2018-04-07 00:00:00,8.940000000000001
2018-04-07 02:00:00,8.45
2018-04-07 04:00:00,8.02
2018-04-07 06:00:00,7.359999999999999
2018-04-07 08:00:00,9.370000000000001
2018-04-07 10:00:00,12.059999999999999
2018-04-07 12:00:00,13.21
2018-04-07 14:00:00,14.115
2018-04-07 16:00:00,13.55
2018-04-07 18:00:00,12.145
2018-04-07 20:00:00,9.795
2018-04-07 22:00:00,8.645
2018-04-08 00:00:00,7.805
2018-04-08 02:00:00,7.05
2018-04-08 04:00:00,9.355
2018-04-08 06:00:00,14.754999999999999
2018-04-08 08:00:00,16.595
2018-04-08 10:00:00,18.799999999999997
2018-04-08 12:00:00,21.555
2018-04-08 14:00:00,23.07
2018-04-08 16:00:00,22.915
2018-04-08 18:00:00,20.564999999999998
2018-04-08 20:00:00,18.645
2018-04-08 22:00:00,18.18
2018-04-09 00:00:00,17.365000000000002
2018-04-09 02:00:00,16.990000000000002
2018-04-09 04:00:00,16.744999999999997
2018-04-09 06:00:00,17.005000000000003
2018-04-09 08:00:00,19.22
2018-04-09 10:00:00,22.115000000000002
2018-04-09 12:00:00,24.490000000000002
2018-04-09 14:00:00,25.12
2018-04-09 16:00:00,24.385
2018-04-09 18:00:00,21.0
2018-04-09 20:00:00,13.84
2018-04-09 22:00:00,13.325
2018-04-10 00:00:00,12.71
2018-04-10 02:00:00,12.015
2018-04-10 04:00:00,13.835
2018-04-10 06:00:00,15.495
2018-04-10 08:00:00,17.82
2018-04-10 10:00:00,20.245
2018-04-10 12:00:00,21.384999999999998
2018-04-10 14:00:00,21.395000000000003
2018-04-10 16:00:00,21.689999999999998
2018-04-10 18:00:00,19.435000000000002
2018-04-10 20:00:00,15.19
2018-04-10 22:00:00,12.17
2018-04-11 00:00:00,11.455
2018-04-11 02:00:00,11.145
2018-04-11 04:00:00,10.094999999999999
2018-04-11 06:00:00,10.725
2018-04-11 08:00:00,16.14
2018-04-11 10:00:00,19.985
2018-04-11 12:00:00,21.7
2018-04-11 14:00:00,22.96
2018-04-11 16:00:00,23.205
2018-04-11 18:00:00,20.495
2018-04-11 20:00:00,16.56
2018-04-11 22:00:00,13.335
2018-04-12 00:00:00,12.56
2018-04-12 02:00:00,13.24
2018-04-12 04:00:00,10.82
2018-04-12 06:00:00,12.704999999999998
2018-04-12 08:00:00,17.16
2018-04-12 10:00:00,21.21
2018-04-12 12:00:00,24.875
2018-04-12 14:00:00,25.84
2018-04-12 16:00:00,25.865000000000002
2018-04-12 18:00:00,22.255000000000003
2018-04-12 20:00:00,21.04
2018-04-12 22:00:00,21.515
2018-04-13 00:00:00,20.43
2018-04-13 02:00:00,17.825
2018-04-13 04:00:00,15.11
2018-04-13 06:00:00,14.905000000000001
2018-04-13 08:00:00,18.450000000000003
2018-04-13 10:00:00,20.265
2018-04-13 12:00:00,21.845
2018-04-13 14:00:00,21.6
2018-04-13 16:00:00,22.225
2018-04-13 18:00:00,19.68
2018-04-13 20:00:00,14.725000000000001
2018-04-13 22:00:00,12.225000000000001
2018-04-14 00:00:00,11.825
2018-04-14 02:00:00,10.575
2018-04-14 04:00:00,8.695
2018-04-14 06:00:00,10.72
2018-04-14 08:00:00,17.58
2018-04-14 10:00:00,21.075
2018-04-14 12:00:00,23.825000000000003
2018-04-14 14:00:00,24.67
2018-04-14 16:00:00,24.18
2018-04-14 18:00:00,21.695
2018-04-14 20:00:00,18.82
2018-04-14 22:00:00,16.83
2018-04-15 00:00:00,14.365
2018-04-15 02:00:00,11.84
2018-04-15 04:00:00,13.515
2018-04-15 06:00:00,17.92
2018-04-15 08:00:00,20.51
2018-04-15 10:00:00,20.564999999999998
2018-04-15 12:00:00,21.674999999999997
2018-04-15 14:00:00,21.95
2018-04-15 16:00:00,21.655
2018-04-15 18:00:00,21.455
2018-04-15 20:00:00,20.905
2018-04-15 22:00:00,20.48
2018-04-16 00:00:00,20.310000000000002
2018-04-16 02:00:00,20.275
2018-04-16 04:00:00,20.07
2018-04-16 06:00:00,19.53
2018-04-16 08:00:00,19.825
2018-04-16 10:00:00,19.46
2018-04-16 12:00:00,18.265
2018-04-16 14:00:00,19.485
2018-04-16 16:00:00,18.11
2018-04-16 18:00:00,17.48
2018-04-16 20:00:00,16.72
2018-04-16 22:00:00,15.365
2018-04-17 00:00:00,14.09
2018-04-17 02:00:00,12.665
2018-04-17 04:00:00,11.33
2018-04-17 06:00:00,11.350000000000001
2018-04-17 08:00:00,13.995000000000001
2018-04-17 10:00:00,16.73
2018-04-17 12:00:00,18.509999999999998
2018-04-17 14:00:00,17.865000000000002
2018-04-17 16:00:00,16.595
2018-04-17 18:00:00,14.870000000000001
2018-04-17 20:00:00,14.5
2018-04-17 22:00:00,14.375
2018-04-18 00:00:00,14.015
2018-04-18 02:00:00,13.975
2018-04-18 04:00:00,13.0
2018-04-18 06:00:00,13.120000000000001
2018-04-18 08:00:00,15.27
2018-04-18 10:00:00,17.12
2018-04-18 12:00:00,18.4
2018-04-18 14:00:00,17.465
2018-04-18 16:00:00,16.5
2018-04-18 18:00:00,16.39
2018-04-18 20:00:00,15.405
2018-04-18 22:00:00,14.705
2018-04-19 00:00:00,11.905000000000001
2018-04-19 02:00:00,9.440000000000001
2018-04-19 04:00:00,8.24
2018-04-19 06:00:00,10.425
2018-04-19 08:00:00,16.4
2018-04-19 10:00:00,20.17
2018-04-19 12:00:00,23.105
2018-04-19 14:00:00,24.17
2018-04-19 16:00:00,23.935000000000002
2018-04-19 18:00:00,21.54
2018-04-19 20:00:00,16.485
2018-04-19 22:00:00,14.945
2018-04-20 00:00:00,15.100000000000001
2018-04-20 02:00:00,14.325
2018-04-20 04:00:00,11.875
2018-04-20 06:00:00,12.870000000000001
2018-04-20 08:00:00,17.4
2018-04-20 10:00:00,19.98
2018-04-20 12:00:00,21.365000000000002
2018-04-20 14:00:00,21.564999999999998
2018-04-20 16:00:00,20.82
2018-04-20 18:00:00,18.375
2018-04-20 20:00:00,14.075
2018-04-20 22:00:00,9.17
2018-04-21 00:00:00,7.41
2018-04-21 02:00:00,6.325
2018-04-21 04:00:00,6.36
2018-04-21 06:00:00,9.065
2018-04-21 08:00:00,16.765
2018-04-21 10:00:00,20.46
2018-04-21 12:00:00,22.21
2018-04-21 14:00:00,23.975
2018-04-21 16:00:00,24.165
2018-04-21 18:00:00,21.18
2018-04-21 20:00:00,14.955
2018-04-21 22:00:00,13.24
2018-04-22 00:00:00,12.64
2018-04-22 02:00:00,11.6
2018-04-22 04:00:00,8.475000000000001
2018-04-22 06:00:00,13.07
2018-04-22 08:00:00,19.365000000000002
2018-04-22 10:00:00,22.924999999999997
2018-04-22 12:00:00,25.05
2018-04-22 14:00:00,26.645
2018-04-22 16:00:00,27.255
2018-04-22 18:00:00,24.14
2018-04-22 20:00:00,16.075
2018-04-22 22:00:00,13.335
2018-04-23 00:00:00,12.905000000000001
2018-04-23 02:00:00,14.14
2018-04-23 04:00:00,14.8
2018-04-23 06:00:00,15.715
2018-04-23 08:00:00,19.71
2018-04-23 10:00:00,23.1
2018-04-23 12:00:00,27.41
2018-04-23 14:00:00,28.130000000000003
2018-04-23 16:00:00,28.185000000000002
2018-04-23 18:00:00,25.195
2018-04-23 20:00:00,18.385
2018-04-23 22:00:00,17.72
2018-04-24 00:00:00,15.335
2018-04-24 02:00:00,14.094999999999999
2018-04-24 04:00:00,13.77
2018-04-24 06:00:00,15.655000000000001
2018-04-24 08:00:00,19.46
2018-04-24 10:00:00,23.08
2018-04-24 12:00:00,24.025
2018-04-24 14:00:00,24.555
2018-04-24 16:00:00,22.825000000000003
2018-04-24 18:00:00,21.665
2018-04-24 20:00:00,17.235
2018-04-24 22:00:00,14.14
2018-04-25 00:00:00,13.04
2018-04-25 02:00:00,12.855
2018-04-25 04:00:00,12.495000000000001
2018-04-25 06:00:00,16.225
2018-04-25 08:00:00,22.545
2018-04-25 10:00:00,25.384999999999998
2018-04-25 12:00:00,27.200000000000003
2018-04-25 14:00:00,27.945
2018-04-25 16:00:00,27.67
2018-04-25 18:00:00,24.65
2018-04-25 20:00:00,19.245
2018-04-25 22:00:00,17.83
2018-04-26 00:00:00,17.740000000000002
2018-04-26 02:00:00,17.145
2018-04-26 04:00:00,16.75
2018-04-26 06:00:00,16.955
2018-04-26 08:00:00,22.605
2018-04-26 10:00:00,25.67
2018-04-26 12:00:00,27.064999999999998
2018-04-26 14:00:00,27.46
2018-04-26 16:00:00,26.125
2018-04-26 18:00:00,21.75
2018-04-26 20:00:00,17.45
2018-04-26 22:00:00,13.145
2018-04-27 00:00:00,12.66
2018-04-27 02:00:00,12.34
2018-04-27 04:00:00,11.649999999999999
2018-04-27 06:00:00,12.190000000000001
2018-04-27 08:00:00,14.05
2018-04-27 10:00:00,16.36
2018-04-27 12:00:00,19.015
2018-04-27 14:00:00,20.79
2018-04-27 16:00:00,21.035
2018-04-27 18:00:00,19.97
2018-04-27 20:00:00,14.280000000000001
2018-04-27 22:00:00,12.120000000000001
2018-04-28 00:00:00,10.754999999999999
2018-04-28 02:00:00,10.66
2018-04-28 04:00:00,10.36
2018-04-28 06:00:00,12.68
2018-04-28 08:00:00,20.33
2018-04-28 10:00:00,24.64
2018-04-28 12:00:00,27.48
2018-04-28 14:00:00,29.28
2018-04-28 16:00:00,27.415
2018-04-28 18:00:00,24.925
2018-04-28 20:00:00,19.485
2018-04-28 22:00:00,17.985
2018-04-29 00:00:00,17.27
2018-04-29 02:00:00,17.57
2018-04-29 04:00:00,17.99
2018-04-29 06:00:00,19.655
2018-04-29 08:00:00,22.494999999999997
2018-04-29 10:00:00,25.595
2018-04-29 12:00:00,27.685000000000002
2018-04-29 14:00:00,28.475
2018-04-29 16:00:00,27.46
2018-04-29 18:00:00,24.035
2018-04-29 20:00:00,22.84
2018-04-29 22:00:00,22.455
2018-04-30 00:00:00,21.5
2018-04-30 02:00:00,20.09
2018-04-30 04:00:00,18.875
2018-04-30 06:00:00,19.375
2018-04-30 08:00:00,23.045
2018-04-30 10:00:00,26.155
2018-04-30 12:00:00,28.29
2018-04-30 14:00:00,29.005
2018-04-30 16:00:00,27.045
2018-04-30 18:00:00,23.82
2018-04-30 20:00:00,21.47
2018-04-30 22:00:00,19.735
2018-05-01 00:00:00,19.62
