Date,Tavg,RH,SAvg,dewpoint,q,qsat,lcl,Tmin,Tmax,Precipitation,tendt,tendq,bowen,R2,R1
2017-01-07,-14.57,0.25,-4.0,-30.29599079320291,0.00030514063986076254,0.0012194462516145698,2067.7088958748523,-14.57,-14.57,0.0,,,,1.0,0.25
2017-01-08,-8.434000000000001,0.44998000000000005,-3.66,-21.051801562527128,0.0009174202043261909,0.001776181378104841,1631.2563695944914,-9.9,-7.08,0.0,0.07123157407407407,0.01605607489128638,4.4364251260892775,0.8027605988633536,0.40519743802423813
2017-01-09,-7.455714285714286,0.79165,-3.4571428571428564,-11.963589647223033,0.001744035955242937,0.0018316163499853561,653.1413144142258,-9.51,-5.26,0.0,0.011356719576719581,0.021676706480680857,0.5239135191889571,0.7203420058224634,0.6692259451901225
2017-01-10,,,,,,,,,,0.0,,,,,
2017-01-11,,,,,,,,,,0.0,,,,,
2017-01-12,,,,,,,,,,0.0,,,,,
2017-01-13,,,,,,,,,,0.0,,,,,
2017-01-14,,,,,,,,,,0.0,,,,,
2017-01-15,,,,,,,,,,0.0,,,,,
2017-01-16,,,,,,,,,,0.0,,,,,
2017-01-17,,,,,,,,,,0.0,,,,,
2017-01-18,,,,,,,,,,0.0,,,,,
2017-01-19,,,,,,,,,,0.0,,,,,
2017-01-20,,,,,,,,,,0.0,,,,,
2017-01-21,-3.62,0.0833,-2.2,-32.81285434304155,0.000240429526736858,0.0028786921722994993,3526.8591920442245,-3.62,-3.62,0.0,,,,1.0,0.0833
2017-01-22,,,,,,,,,,0.0,,,,,
2017-01-23,,,,,,,,,,0.0,,,,,
2017-01-24,,,,,,,,,,0.0,,,,,
2017-01-25,,,,,,,,,,0.0,,,,,
2017-01-26,,,,,,,,,,0.0,,,,,
2017-01-27,,,,,,,,,,0.0,,,,,
2017-01-28,,,,,,,,,,0.0,,,,,
2017-01-29,,,,,,,,,,0.0,,,,,
2017-01-30,,,,,,,,,,0.0,,,,,
2017-01-31,,,,,,,,,,0.0,,,,,
2017-02-01,,,,,,,,,,0.0,,,,,
2017-02-02,,,,,,,,,,0.0,,,,,
2017-02-03,,,,,,,,,,0.0,,,,,
2017-02-04,,,,,,,,,,0.0,,,,,
2017-02-05,,,,,,,,,,0.0,,,,,
2017-02-06,,,,,,,,,,0.0,,,,,
2017-02-07,,,,,,,,,,0.0,,,,,
2017-02-08,,,,,,,,,,0.0,,,,,
2017-02-09,,,,,,,,,,0.0,,,,,
2017-02-10,,,,,,,,,,0.0,,,,,
2017-02-11,,,,,,,,,,0.0,,,,,
2017-02-12,,,,,,,,,,0.0,,,,,
2017-02-13,,,,,,,,,,0.0,,,,,
2017-02-14,,,,,,,,,,0.0,,,,,
2017-02-15,,,,,,,,,,0.0,,,,,
2017-02-16,,,,,,,,,,0.0,,,,,
2017-02-17,,,,,,,,,,0.0,,,,,
2017-02-18,,,,,,,,,,0.0,,,,,
2017-02-19,,,,,,,,,,0.0,,,,,
2017-02-20,,,,,,,,,,0.0,,,,,
2017-02-21,,,,,,,,,,0.0,,,,,
2017-02-22,,,,,,,,,,0.0,,,,,
2017-02-23,,,,,,,,,,0.0,,,,,
2017-02-24,,,,,,,,,,0.0,,,,,
2017-02-25,,,,,,,,,,0.0,,,,,
2017-02-26,,,,,,,,,,0.0,,,,,
2017-02-27,,,,,,,,,,0.0,,,,,
2017-02-28,,,,,,,,,,0.0,,,,,
2017-03-01,,,,,,,,,,0.0,,,,,
2017-03-02,,,,,,,,,,0.0,,,,,
2017-03-03,,,,,,,,,,0.0,,,,,
2017-03-04,13.0525,0.79165,7.725,7.810214836587228,0.0073019289944506625,0.009153962511522434,645.0210665153013,12.86,13.44,0.0,,,,0.9628224636788557,0.7718779476289384
2017-03-05,14.27272727272727,0.9659090909090909,8.045454545454545,13.399613294268788,0.009887103156840079,0.00780497189874283,106.9301594702183,10.46,17.99,0.0,0.01416536984427606,0.0677921530740337,0.2089529422204145,0.6139285587308275,0.7618776893892925
2017-03-06,,,,,,,,,,0.0,,,,,
2017-03-07,,,,,,,,,,0.0,,,,,
2017-03-08,,,,,,,,,,0.0,,,,,
2017-03-09,,,,,,,,,,0.0,,,,,
2017-03-10,,,,,,,,,,0.0,,,,,
2017-03-11,,,,,,,,,,0.0,,,,,
2017-03-12,,,,,,,,,,0.0,,,,,
2017-03-13,,,,,,,,,,0.0,,,,,
2017-03-14,,,,,,,,,,0.0,,,,,
2017-03-15,,,,,,,,,,0.0,,,,,
2017-03-16,,,,,,,,,,0.0,,,,,
2017-03-17,,,,,,,,,,0.0,,,,,
2017-03-18,,,,,,,,,,0.0,,,,,
2017-03-19,,,,,,,,,,0.0,,,,,
2017-03-20,,,,,,,,,,0.0,,,,,
2017-03-21,,,,,,,,,,0.0,,,,,
2017-03-22,,,,,,,,,,0.0,,,,,
2017-03-23,,,,,,,,,,0.0,,,,,
2017-03-24,,,,,,,,,,0.0,,,,,
2017-03-25,,,,,,,,,,0.0,,,,,
2017-03-26,,,,,,,,,,0.0,,,,,
2017-03-27,,,,,,,,,,0.0,,,,,
2017-03-28,,,,,,,,,,0.0,,,,,
2017-03-29,,,,,,,,,,0.0,,,,,
2017-03-30,,,,,,,,,,0.0,,,,,
2017-03-31,,,,,,,,,,0.0,,,,,
2017-04-01,,,,,,,,,,0.0,,,,,
2017-04-02,,,,,,,,,,0.0,,,,,
2017-04-03,,,,,,,,,,0.0,,,,,
2017-04-04,,,,,,,,,,0.0,,,,,
2017-04-05,,,,,,,,,,0.0,,,,,
2017-04-06,,,,,,,,,,0.0,,,,,
2017-04-07,,,,,,,,,,0.0,,,,,
2017-04-08,,,,,,,,,,0.0,,,,,
2017-04-09,,,,,,,,,,0.0,,,,,
2017-04-10,,,,,,,,,,0.0,,,,,
2017-04-11,,,,,,,,,,0.0,,,,,
2017-04-12,,,,,,,,,,0.0,,,,,
2017-04-13,,,,,,,,,,0.0,,,,,
2017-04-14,,,,,,,,,,0.0,,,,,
2017-04-15,,,,,,,,,,0.0,,,,,
2017-04-16,,,,,,,,,,0.0,,,,,
2017-04-17,,,,,,,,,,0.0,,,,,
2017-04-18,,,,,,,,,,0.0,,,,,
2017-04-19,,,,,,,,,,0.0,,,,,
2017-04-20,,,,,,,,,,0.0,,,,,
2017-04-21,,,,,,,,,,0.0,,,,,
2017-04-22,,,,,,,,,,0.0,,,,,
2017-04-23,,,,,,,,,,0.0,,,,,
2017-04-24,,,,,,,,,,0.0,,,,,
2017-04-25,,,,,,,,,,0.0,,,,,
2017-04-26,,,,,,,,,,0.0,,,,,
2017-04-27,,,,,,,,,,0.0,,,,,
2017-04-28,,,,,,,,,,0.0,,,,,
2017-04-29,,,,,,,,,,0.0,,,,,
2017-04-30,,,,,,,,,,0.0,,,,,
2017-05-01,,,,,,,,,,0.0,,,,,
2017-05-02,,,,,,,,,,0.0,,,,,
2017-05-03,,,,,,,,,,0.0,,,,,
2017-05-04,,,,,,,,,,0.0,,,,,
2017-05-05,,,,,,,,,,0.0,,,,,
2017-05-06,,,,,,,,,,0.0,,,,,
2017-05-07,,,,,,,,,,0.0,,,,,
2017-05-08,,,,,,,,,,0.0,,,,,
2017-05-09,,,,,,,,,,0.0,,,,,
2017-05-10,,,,,,,,,,0.0,,,,,
2017-05-11,,,,,,,,,,0.0,,,,,
2017-05-12,,,,,,,,,,0.0,,,,,
2017-05-13,,,,,,,,,,0.0,,,,,
2017-05-14,,,,,,,,,,0.0,,,,,
2017-05-15,,,,,,,,,,0.0,,,,,
2017-05-16,,,,,,,,,,0.0,,,,,
2017-05-17,,,,,,,,,,0.0,,,,,
2017-05-18,,,,,,,,,,0.0,,,,,
2017-05-19,,,,,,,,,,0.0,,,,,
2017-05-20,,,,,,,,,,0.0,,,,,
2017-05-21,,,,,,,,,,0.0,,,,,
2017-05-22,,,,,,,,,,0.0,,,,,
2017-05-23,,,,,,,,,,0.0,,,,,
2017-05-24,,,,,,,,,,0.0,,,,,
2017-05-25,,,,,,,,,,0.0,,,,,
2017-05-26,,,,,,,,,,0.0,,,,,
2017-05-27,,,,,,,,,,0.0,,,,,
2017-05-28,,,,,,,,,,0.0,,,,,
2017-05-29,,,,,,,,,,0.0,,,,,
2017-05-30,,,,,,,,,,0.0,,,,,
2017-05-31,,,,,,,,,,0.0,,,,,
2017-06-01,,,,,,,,,,0.0,,,,,
2017-06-02,,,,,,,,,,0.0,,,,,
2017-06-03,,,,,,,,,,0.0,,,,,
2017-06-04,,,,,,,,,,0.0,,,,,
2017-06-05,,,,,,,,,,0.0,,,,,
2017-06-06,,,,,,,,,,0.0,,,,,
2017-06-07,,,,,,,,,,0.0,,,,,
2017-06-08,,,,,,,,,,0.0,,,,,
2017-06-09,,,,,,,,,,0.0,,,,,
2017-06-10,,,,,,,,,,0.0,,,,,
2017-06-11,,,,,,,,,,0.0,,,,,
2017-06-12,,,,,,,,,,0.0,,,,,
2017-06-13,,,,,,,,,,0.0,,,,,
2017-06-14,,,,,,,,,,0.0,,,,,
2017-06-15,,,,,,,,,,0.0,,,,,
2017-06-16,,,,,,,,,,0.0,,,,,
2017-06-17,,,,,,,,,,0.0,,,,,
2017-06-18,,,,,,,,,,0.0,,,,,
2017-06-19,,,,,,,,,,0.0,,,,,
2017-06-20,,,,,,,,,,0.0,,,,,
2017-06-21,,,,,,,,,,0.0,,,,,
2017-06-22,,,,,,,,,,0.0,,,,,
2017-06-23,,,,,,,,,,0.0,,,,,
2017-06-24,,,,,,,,,,0.0,,,,,
2017-06-25,,,,,,,,,,0.0,,,,,
2017-06-26,,,,,,,,,,0.0,,,,,
2017-06-27,,,,,,,,,,0.0,,,,,
2017-06-28,,,,,,,,,,0.0,,,,,
2017-06-29,,,,,,,,,,0.0,,,,,
2017-06-30,,,,,,,,,,0.0,,,,,
2017-07-01,,,,,,,,,,0.0,,,,,
2017-07-02,,,,,,,,,,0.0,,,,,
2017-07-03,,,,,,,,,,0.0,,,,,
2017-07-04,,,,,,,,,,0.0,,,,,
2017-07-05,,,,,,,,,,0.0,,,,,
2017-07-06,,,,,,,,,,0.0,,,,,
2017-07-07,,,,,,,,,,0.0,,,,,
2017-07-08,,,,,,,,,,0.0,,,,,
2017-07-09,,,,,,,,,,0.0,,,,,
2017-07-10,,,,,,,,,,0.0,,,,,
2017-07-11,,,,,,,,,,0.0,,,,,
2017-07-12,,,,,,,,,,0.0,,,,,
2017-07-13,,,,,,,,,,0.0,,,,,
2017-07-14,,,,,,,,,,0.0,,,,,
2017-07-15,,,,,,,,,,0.0,,,,,
2017-07-16,,,,,,,,,,0.0,,,,,
2017-07-17,,,,,,,,,,0.0,,,,,
2017-07-18,,,,,,,,,,0.0,,,,,
2017-07-19,,,,,,,,,,0.0,,,,,
2017-07-20,,,,,,,,,,0.0,,,,,
2017-07-21,,,,,,,,,,0.0,,,,,
2017-07-22,,,,,,,,,,0.0,,,,,
2017-07-23,,,,,,,,,,0.0,,,,,
2017-07-24,,,,,,,,,,0.0,,,,,
2017-07-25,,,,,,,,,,0.0,,,,,
2017-07-26,,,,,,,,,,0.0,,,,,
2017-07-27,,,,,,,,,,0.0,,,,,
2017-07-28,,,,,,,,,,0.0,,,,,
2017-07-29,,,,,,,,,,0.0,,,,,
2017-07-30,,,,,,,,,,0.0,,,,,
2017-07-31,,,,,,,,,,0.0,,,,,
2017-08-01,,,,,,,,,,0.0,,,,,
2017-08-02,,,,,,,,,,0.0,,,,,
2017-08-03,,,,,,,,,,0.0,,,,,
2017-08-04,,,,,,,,,,0.0,,,,,
2017-08-05,,,,,,,,,,0.0,,,,,
2017-08-06,,,,,,,,,,0.0,,,,,
2017-08-07,,,,,,,,,,0.0,,,,,
2017-08-08,,,,,,,,,,0.0,,,,,
2017-08-09,,,,,,,,,,0.0,,,,,
2017-08-10,,,,,,,,,,0.0,,,,,
2017-08-11,,,,,,,,,,0.0,,,,,
2017-08-12,,,,,,,,,,0.0,,,,,
2017-08-13,,,,,,,,,,0.0,,,,,
2017-08-14,,,,,,,,,,0.0,,,,,
2017-08-15,,,,,,,,,,0.0,,,,,
2017-08-16,,,,,,,,,,0.0,,,,,
2017-08-17,,,,,,,,,,0.0,,,,,
2017-08-18,,,,,,,,,,0.0,,,,,
2017-08-19,,,,,,,,,,0.0,,,,,
2017-08-20,,,,,,,,,,0.0,,,,,
2017-08-21,,,,,,,,,,0.0,,,,,
2017-08-22,,,,,,,,,,0.0,,,,,
2017-08-23,,,,,,,,,,0.0,,,,,
2017-08-24,,,,,,,,,,0.0,,,,,
2017-08-25,,,,,,,,,,0.0,,,,,
2017-08-26,,,,,,,,,,0.0,,,,,
2017-08-27,,,,,,,,,,0.0,,,,,
2017-08-28,,,,,,,,,,0.0,,,,,
2017-08-29,,,,,,,,,,0.0,,,,,
2017-08-30,,,,,,,,,,0.0,,,,,
2017-08-31,,,,,,,,,,0.0,,,,,
2017-09-01,,,,,,,,,,0.0,,,,,
2017-09-02,,,,,,,,,,0.0,,,,,
2017-09-03,,,,,,,,,,0.0,,,,,
2017-09-04,,,,,,,,,,0.0,,,,,
2017-09-05,,,,,,,,,,0.0,,,,,
2017-09-06,,,,,,,,,,0.0,,,,,
2017-09-07,,,,,,,,,,0.0,,,,,
2017-09-08,,,,,,,,,,0.0,,,,,
2017-09-09,,,,,,,,,,0.0,,,,,
2017-09-10,,,,,,,,,,0.0,,,,,
2017-09-11,,,,,,,,,,0.0,,,,,
2017-09-12,,,,,,,,,,0.0,,,,,
2017-09-13,,,,,,,,,,0.0,,,,,
2017-09-14,,,,,,,,,,0.0,,,,,
2017-09-15,,,,,,,,,,0.0,,,,,
2017-09-16,,,,,,,,,,0.0,,,,,
2017-09-17,,,,,,,,,,0.0,,,,,
2017-09-18,,,,,,,,,,0.0,,,,,
2017-09-19,,,,,,,,,,0.0,,,,,
2017-09-20,,,,,,,,,,0.0,,,,,
2017-09-21,,,,,,,,,,0.0,,,,,
2017-09-22,,,,,,,,,,0.0,,,,,
2017-09-23,,,,,,,,,,0.0,,,,,
2017-09-24,,,,,,,,,,0.0,,,,,
2017-09-25,,,,,,,,,,0.0,,,,,
2017-09-26,,,,,,,,,,0.0,,,,,
2017-09-27,,,,,,,,,,0.0,,,,,
2017-09-28,,,,,,,,,,0.0,,,,,
2017-09-29,,,,,,,,,,0.0,,,,,
2017-09-30,,,,,,,,,,0.0,,,,,
2017-10-01,,,,,,,,,,0.0,,,,,
2017-10-02,,,,,,,,,,0.0,,,,,
2017-10-03,,,,,,,,,,0.0,,,,,
2017-10-04,,,,,,,,,,0.0,,,,,
2017-10-05,,,,,,,,,,0.0,,,,,
2017-10-06,,,,,,,,,,0.0,,,,,
2017-10-07,,,,,,,,,,0.0,,,,,
2017-10-08,,,,,,,,,,0.0,,,,,
2017-10-09,,,,,,,,,,0.0,,,,,
2017-10-10,,,,,,,,,,0.0,,,,,
2017-10-11,,,,,,,,,,0.0,,,,,
2017-10-12,,,,,,,,,,0.0,,,,,
2017-10-13,,,,,,,,,,0.0,,,,,
2017-10-14,,,,,,,,,,0.0,,,,,
2017-10-15,,,,,,,,,,0.0,,,,,
2017-10-16,,,,,,,,,,0.0,,,,,
2017-10-17,,,,,,,,,,0.0,,,,,
2017-10-18,,,,,,,,,,0.0,,,,,
2017-10-19,,,,,,,,,,0.0,,,,,
2017-10-20,,,,,,,,,,0.0,,,,,
2017-10-21,,,,,,,,,,0.0,,,,,
2017-10-22,,,,,,,,,,0.0,,,,,
2017-10-23,,,,,,,,,,0.0,,,,,
2017-10-24,,,,,,,,,,0.0,,,,,
2017-10-25,,,,,,,,,,0.0,,,,,
2017-10-26,,,,,,,,,,0.0,,,,,
2017-10-27,,,,,,,,,,0.0,,,,,
2017-10-28,,,,,,,,,,0.0,,,,,
2017-10-29,,,,,,,,,,0.0,,,,,
2017-10-30,,,,,,,,,,0.0,,,,,
2017-10-31,,,,,,,,,,0.0,,,,,
2017-11-01,,,,,,,,,,0.0,,,,,
2017-11-02,,,,,,,,,,0.0,,,,,
2017-11-03,,,,,,,,,,0.0,,,,,
2017-11-04,,,,,,,,,,0.0,,,,,
2017-11-05,,,,,,,,,,0.0,,,,,
2017-11-06,,,,,,,,,,0.0,,,,,
2017-11-07,,,,,,,,,,0.0,,,,,
2017-11-08,,,,,,,,,,0.0,,,,,
2017-11-09,,,,,,,,,,0.0,,,,,
2017-11-10,,,,,,,,,,0.0,,,,,
2017-11-11,,,,,,,,,,0.0,,,,,
2017-11-12,,,,,,,,,,0.0,,,,,
2017-11-13,,,,,,,,,,0.0,,,,,
2017-11-14,,,,,,,,,,0.0,,,,,
2017-11-15,,,,,,,,,,0.0,,,,,
2017-11-16,,,,,,,,,,0.0,,,,,
2017-11-17,,,,,,,,,,0.0,,,,,
2017-11-18,,,,,,,,,,0.0,,,,,
2017-11-19,,,,,,,,,,0.0,,,,,
2017-11-20,,,,,,,,,,0.0,,,,,
2017-11-21,,,,,,,,,,0.0,,,,,
2017-11-22,,,,,,,,,,0.0,,,,,
2017-11-23,,,,,,,,,,0.0,,,,,
2017-11-24,,,,,,,,,,0.0,,,,,
2017-11-25,,,,,,,,,,0.0,,,,,
2017-11-26,,,,,,,,,,0.0,,,,,
2017-11-27,,,,,,,,,,0.0,,,,,
2017-11-28,,,,,,,,,,0.0,,,,,
2017-11-29,,,,,,,,,,0.0,,,,,
2017-11-30,,,,,,,,,,0.0,,,,,
2017-12-01,,,,,,,,,,0.0,,,,,
2017-12-02,,,,,,,,,,0.0,,,,,
2017-12-03,,,,,,,,,,0.0,,,,,
2017-12-04,,,,,,,,,,0.0,,,,,
2017-12-05,,,,,,,,,,0.0,,,,,
2017-12-06,,,,,,,,,,0.0,,,,,
2017-12-07,,,,,,,,,,0.0,,,,,
2017-12-08,,,,,,,,,,0.0,,,,,
2017-12-09,,,,,,,,,,0.0,,,,,
2017-12-10,,,,,,,,,,0.0,,,,,
2017-12-11,,,,,,,,,,0.0,,,,,
2017-12-12,,,,,,,,,,0.0,,,,,
2017-12-13,,,,,,,,,,0.0,,,,,
2017-12-14,,,,,,,,,,0.0,,,,,
2017-12-15,,,,,,,,,,0.0,,,,,
2017-12-16,,,,,,,,,,0.0,,,,,
2017-12-17,,,,,,,,,,0.0,,,,,
2017-12-18,,,,,,,,,,0.0,,,,,
2017-12-19,,,,,,,,,,0.0,,,,,
2017-12-20,,,,,,,,,,0.0,,,,,
2017-12-21,,,,,,,,,,0.0,,,,,
2017-12-22,,,,,,,,,,0.0,,,,,
2017-12-23,,,,,,,,,,0.0,,,,,
2017-12-24,,,,,,,,,,0.0,,,,,
2017-12-25,,,,,,,,,,0.0,,,,,
2017-12-26,,,,,,,,,,0.0,,,,,
2017-12-27,,,,,,,,,,0.0,,,,,
2017-12-28,,,,,,,,,,0.0,,,,,
2017-12-29,,,,,,,,,,0.0,,,,,
2017-12-30,,,,,,,,,,0.0,,,,,
2017-12-31,,,,,,,,,,0.0,,,,,
2018-01-01,,,,,,,,,,0.0,,,,,
2018-01-02,,,,,,,,,,0.0,,,,,
2018-01-03,,,,,,,,,,0.0,,,,,
2018-01-04,,,,,,,,,,0.0,,,,,
2018-01-05,,,,,,,,,,0.0,,,,,
2018-01-06,,,,,,,,,,0.0,,,,,
2018-01-07,,,,,,,,,,0.0,,,,,
2018-01-08,,,,,,,,,,0.0,,,,,
2018-01-09,,,,,,,,,,0.0,,,,,
2018-01-10,,,,,,,,,,0.0,,,,,
2018-01-11,,,,,,,,,,0.0,,,,,
2018-01-12,,,,,,,,,,0.0,,,,,
2018-01-13,,,,,,,,,,0.0,,,,,
2018-01-14,,,,,,,,,,0.0,,,,,
2018-01-15,,,,,,,,,,0.0,,,,,
2018-01-16,,,,,,,,,,0.0,,,,,
2018-01-17,,,,,,,,,,0.0,,,,,
2018-01-18,,,,,,,,,,0.0,,,,,
2018-01-19,,,,,,,,,,0.0,,,,,
2018-01-20,,,,,,,,,,0.0,,,,,
2018-01-21,,,,,,,,,,0.0,,,,,
2018-01-22,,,,,,,,,,0.0,,,,,
2018-01-23,,,,,,,,,,0.0,,,,,
2018-01-24,,,,,,,,,,0.0,,,,,
2018-01-25,,,,,,,,,,0.0,,,,,
2018-01-26,,,,,,,,,,0.0,,,,,
2018-01-27,,,,,,,,,,0.0,,,,,
2018-01-28,,,,,,,,,,0.0,,,,,
2018-01-29,,,,,,,,,,0.0,,,,,
2018-01-30,,,,,,,,,,0.0,,,,,
2018-01-31,,,,,,,,,,0.0,,,,,
2018-02-01,,,,,,,,,,0.0,,,,,
2018-02-02,,,,,,,,,,0.0,,,,,
2018-02-03,,,,,,,,,,0.0,,,,,
2018-02-04,,,,,,,,,,0.0,,,,,
2018-02-05,,,,,,,,,,0.0,,,,,
2018-02-06,,,,,,,,,,0.0,,,,,
2018-02-07,,,,,,,,,,0.0,,,,,
2018-02-08,,,,,,,,,,0.0,,,,,
2018-02-09,,,,,,,,,,0.0,,,,,
2018-02-10,,,,,,,,,,0.0,,,,,
2018-02-11,,,,,,,,,,0.0,,,,,
2018-02-12,,,,,,,,,,0.0,,,,,
2018-02-13,,,,,,,,,,0.0,,,,,
2018-02-14,,,,,,,,,,0.0,,,,,
2018-02-15,,,,,,,,,,0.0,,,,,
2018-02-16,,,,,,,,,,0.0,,,,,
2018-02-17,,,,,,,,,,0.0,,,,,
2018-02-18,,,,,,,,,,0.0,,,,,
2018-02-19,,,,,,,,,,0.0,,,,,
2018-02-20,,,,,,,,,,0.0,,,,,
2018-02-21,,,,,,,,,,0.0,,,,,
2018-02-22,,,,,,,,,,0.0,,,,,
2018-02-23,,,,,,,,,,0.0,,,,,
2018-02-24,,,,,,,,,,0.0,,,,,
2018-02-25,,,,,,,,,,0.0,,,,,
2018-02-26,,,,,,,,,,0.0,,,,,
2018-02-27,,,,,,,,,,0.0,,,,,
2018-02-28,,,,,,,,,,0.0,,,,,
2018-03-01,,,,,,,,,,0.0,,,,,
2018-03-02,,,,,,,,,,0.0,,,,,
2018-03-03,,,,,,,,,,0.0,,,,,
2018-03-04,,,,,,,,,,0.0,,,,,
2018-03-05,,,,,,,,,,0.0,,,,,
2018-03-06,,,,,,,,,,0.0,,,,,
2018-03-07,,,,,,,,,,0.0,,,,,
2018-03-08,,,,,,,,,,0.0,,,,,
2018-03-09,,,,,,,,,,0.0,,,,,
2018-03-10,,,,,,,,,,0.0,,,,,
2018-03-11,,,,,,,,,,0.0,,,,,
2018-03-12,,,,,,,,,,0.0,,,,,
2018-03-13,,,,,,,,,,0.0,,,,,
2018-03-14,,,,,,,,,,0.0,,,,,
2018-03-15,,,,,,,,,,0.0,,,,,
2018-03-16,,,,,,,,,,0.0,,,,,
2018-03-17,,,,,,,,,,0.0,,,,,
2018-03-18,,,,,,,,,,0.0,,,,,
2018-03-19,,,,,,,,,,0.0,,,,,
2018-03-20,,,,,,,,,,0.0,,,,,
2018-03-21,,,,,,,,,,0.0,,,,,
2018-03-22,,,,,,,,,,0.0,,,,,
2018-03-23,,,,,,,,,,0.0,,,,,
2018-03-24,,,,,,,,,,0.0,,,,,
2018-03-25,,,,,,,,,,0.0,,,,,
2018-03-26,,,,,,,,,,0.0,,,,,
2018-03-27,,,,,,,,,,0.0,,,,,
2018-03-28,,,,,,,,,,0.0,,,,,
2018-03-29,,,,,,,,,,0.0,,,,,
2018-03-30,,,,,,,,,,0.0,,,,,
2018-03-31,,,,,,,,,,0.0,,,,,
2018-04-01,,,,,,,,,,0.0,,,,,
2018-04-02,,,,,,,,,,0.0,,,,,
2018-04-03,,,,,,,,,,0.0,,,,,
2018-04-04,,,,,,,,,,0.0,,,,,
2018-04-05,,,,,,,,,,0.0,,,,,
2018-04-06,,,,,,,,,,0.0,,,,,
2018-04-07,,,,,,,,,,0.0,,,,,
2018-04-08,,,,,,,,,,0.0,,,,,
2018-04-09,,,,,,,,,,0.0,,,,,
2018-04-10,,,,,,,,,,0.0,,,,,
2018-04-11,,,,,,,,,,0.0,,,,,
2018-04-12,,,,,,,,,,0.0,,,,,
2018-04-13,,,,,,,,,,0.0,,,,,
2018-04-14,,,,,,,,,,0.0,,,,,
2018-04-15,,,,,,,,,,0.0,,,,,
2018-04-16,,,,,,,,,,0.0,,,,,
2018-04-17,,,,,,,,,,0.0,,,,,
2018-04-18,,,,,,,,,,0.0,,,,,
2018-04-19,,,,,,,,,,0.0,,,,,
2018-04-20,,,,,,,,,,0.0,,,,,
2018-04-21,,,,,,,,,,0.0,,,,,
2018-04-22,,,,,,,,,,0.0,,,,,
2018-04-23,,,,,,,,,,0.0,,,,,
2018-04-24,,,,,,,,,,0.0,,,,,
2018-04-25,,,,,,,,,,0.0,,,,,
2018-04-26,,,,,,,,,,0.0,,,,,
2018-04-27,,,,,,,,,,0.0,,,,,
2018-04-28,,,,,,,,,,0.0,,,,,
2018-04-29,,,,,,,,,,0.0,,,,,
2018-04-30,,,,,,,,,,0.0,,,,,
2018-05-01,,,,,,,,,,0.0,,,,,
2018-05-02,,,,,,,,,,0.0,,,,,
2018-05-03,,,,,,,,,,0.0,,,,,
2018-05-04,,,,,,,,,,0.0,,,,,
2018-05-05,,,,,,,,,,0.0,,,,,
2018-05-06,,,,,,,,,,0.0,,,,,
2018-05-07,,,,,,,,,,0.0,,,,,
2018-05-08,,,,,,,,,,0.0,,,,,
2018-05-09,,,,,,,,,,0.0,,,,,
2018-05-10,,,,,,,,,,0.0,,,,,
2018-05-11,,,,,,,,,,0.0,,,,,
2018-05-12,,,,,,,,,,0.0,,,,,
2018-05-13,,,,,,,,,,0.0,,,,,
2018-05-14,,,,,,,,,,0.0,,,,,
2018-05-15,,,,,,,,,,0.0,,,,,
2018-05-16,,,,,,,,,,0.0,,,,,
2018-05-17,,,,,,,,,,0.0,,,,,
2018-05-18,,,,,,,,,,0.0,,,,,
2018-05-19,,,,,,,,,,0.0,,,,,
2018-05-20,,,,,,,,,,0.0,,,,,
2018-05-21,,,,,,,,,,0.0,,,,,
2018-05-22,,,,,,,,,,0.0,,,,,
2018-05-23,,,,,,,,,,0.0,,,,,
2018-05-24,,,,,,,,,,0.0,,,,,
2018-05-25,,,,,,,,,,0.0,,,,,
2018-05-26,,,,,,,,,,0.0,,,,,
2018-05-27,,,,,,,,,,0.0,,,,,
2018-05-28,,,,,,,,,,0.0,,,,,
2018-05-29,,,,,,,,,,0.0,,,,,
2018-05-30,,,,,,,,,,0.0,,,,,
2018-05-31,,,,,,,,,,0.0,,,,,
2018-06-01,,,,,,,,,,0.0,,,,,
2018-06-02,,,,,,,,,,0.0,,,,,
2018-06-03,,,,,,,,,,0.0,,,,,
2018-06-04,,,,,,,,,,0.0,,,,,
2018-06-05,,,,,,,,,,0.0,,,,,
2018-06-06,,,,,,,,,,0.0,,,,,
2018-06-07,,,,,,,,,,0.0,,,,,
2018-06-08,,,,,,,,,,0.0,,,,,
2018-06-09,,,,,,,,,,0.0,,,,,
2018-06-10,,,,,,,,,,0.0,,,,,
2018-06-11,,,,,,,,,,0.0,,,,,
2018-06-12,,,,,,,,,,0.0,,,,,
2018-06-13,,,,,,,,,,0.0,,,,,
2018-06-14,,,,,,,,,,0.0,,,,,
2018-06-15,,,,,,,,,,0.0,,,,,
2018-06-16,,,,,,,,,,0.0,,,,,
2018-06-17,,,,,,,,,,0.0,,,,,
2018-06-18,,,,,,,,,,0.0,,,,,
2018-06-19,,,,,,,,,,0.0,,,,,
2018-06-20,,,,,,,,,,0.0,,,,,
2018-06-21,,,,,,,,,,0.0,,,,,
2018-06-22,,,,,,,,,,0.0,,,,,
2018-06-23,,,,,,,,,,0.0,,,,,
2018-06-24,,,,,,,,,,0.0,,,,,
2018-06-25,,,,,,,,,,0.0,,,,,
2018-06-26,,,,,,,,,,0.0,,,,,
2018-06-27,,,,,,,,,,0.0,,,,,
2018-06-28,,,,,,,,,,0.0,,,,,
2018-06-29,,,,,,,,,,0.0,,,,,
2018-06-30,,,,,,,,,,0.0,,,,,
2018-07-01,,,,,,,,,,0.0,,,,,
2018-07-02,,,,,,,,,,0.0,,,,,
2018-07-03,,,,,,,,,,0.0,,,,,
2018-07-04,,,,,,,,,,0.0,,,,,
2018-07-05,,,,,,,,,,0.0,,,,,
2018-07-06,,,,,,,,,,0.0,,,,,
2018-07-07,,,,,,,,,,0.0,,,,,
2018-07-08,,,,,,,,,,0.0,,,,,
2018-07-09,,,,,,,,,,0.0,,,,,
2018-07-10,,,,,,,,,,0.0,,,,,
2018-07-11,,,,,,,,,,0.0,,,,,
2018-07-12,,,,,,,,,,0.0,,,,,
2018-07-13,,,,,,,,,,0.0,,,,,
2018-07-14,,,,,,,,,,0.0,,,,,
2018-07-15,,,,,,,,,,0.0,,,,,
2018-07-16,,,,,,,,,,0.0,,,,,
2018-07-17,,,,,,,,,,0.0,,,,,
2018-07-18,,,,,,,,,,0.0,,,,,
2018-07-19,,,,,,,,,,0.0,,,,,
2018-07-20,,,,,,,,,,0.0,,,,,
2018-07-21,,,,,,,,,,0.0,,,,,
2018-07-22,,,,,,,,,,0.0,,,,,
2018-07-23,,,,,,,,,,0.0,,,,,
2018-07-24,,,,,,,,,,0.0,,,,,
2018-07-25,,,,,,,,,,0.0,,,,,
2018-07-26,,,,,,,,,,0.0,,,,,
2018-07-27,,,,,,,,,,0.0,,,,,
2018-07-28,,,,,,,,,,0.0,,,,,
2018-07-29,,,,,,,,,,0.0,,,,,
2018-07-30,,,,,,,,,,0.0,,,,,
2018-07-31,,,,,,,,,,0.0,,,,,
2018-08-01,,,,,,,,,,0.0,,,,,
2018-08-02,,,,,,,,,,0.0,,,,,
2018-08-03,,,,,,,,,,0.0,,,,,
2018-08-04,,,,,,,,,,0.0,,,,,
2018-08-05,,,,,,,,,,0.0,,,,,
2018-08-06,,,,,,,,,,0.0,,,,,
2018-08-07,,,,,,,,,,0.0,,,,,
2018-08-08,,,,,,,,,,0.0,,,,,
2018-08-09,,,,,,,,,,0.0,,,,,
2018-08-10,,,,,,,,,,0.0,,,,,
2018-08-11,,,,,,,,,,0.0,,,,,
2018-08-12,,,,,,,,,,0.0,,,,,
2018-08-13,,,,,,,,,,0.0,,,,,
2018-08-14,,,,,,,,,,0.0,,,,,
2018-08-15,,,,,,,,,,0.0,,,,,
2018-08-16,,,,,,,,,,0.0,,,,,
2018-08-17,,,,,,,,,,0.0,,,,,
2018-08-18,,,,,,,,,,0.0,,,,,
2018-08-19,,,,,,,,,,0.0,,,,,
2018-08-20,,,,,,,,,,0.0,,,,,
2018-08-21,,,,,,,,,,0.0,,,,,
2018-08-22,,,,,,,,,,0.0,,,,,
2018-08-23,,,,,,,,,,0.0,,,,,
2018-08-24,,,,,,,,,,0.0,,,,,
2018-08-25,,,,,,,,,,0.0,,,,,
2018-08-26,,,,,,,,,,0.0,,,,,
2018-08-27,,,,,,,,,,0.0,,,,,
2018-08-28,,,,,,,,,,0.0,,,,,
2018-08-29,,,,,,,,,,0.0,,,,,
2018-08-30,,,,,,,,,,0.0,,,,,
2018-08-31,,,,,,,,,,0.0,,,,,
2018-09-01,,,,,,,,,,0.0,,,,,
2018-09-02,,,,,,,,,,0.0,,,,,
2018-09-03,,,,,,,,,,0.0,,,,,
2018-09-04,,,,,,,,,,0.0,,,,,
2018-09-05,,,,,,,,,,0.0,,,,,
2018-09-06,,,,,,,,,,0.0,,,,,
2018-09-07,,,,,,,,,,0.0,,,,,
2018-09-08,,,,,,,,,,0.0,,,,,
2018-09-09,,,,,,,,,,0.0,,,,,
2018-09-10,,,,,,,,,,0.0,,,,,
2018-09-11,,,,,,,,,,0.0,,,,,
2018-09-12,,,,,,,,,,0.0,,,,,
2018-09-13,,,,,,,,,,0.0,,,,,
2018-09-14,,,,,,,,,,0.0,,,,,
2018-09-15,,,,,,,,,,0.0,,,,,
2018-09-16,,,,,,,,,,0.0,,,,,
2018-09-17,,,,,,,,,,0.0,,,,,
2018-09-18,,,,,,,,,,0.0,,,,,
2018-09-19,,,,,,,,,,0.0,,,,,
2018-09-20,,,,,,,,,,0.0,,,,,
2018-09-21,,,,,,,,,,0.0,,,,,
2018-09-22,,,,,,,,,,0.0,,,,,
2018-09-23,,,,,,,,,,0.0,,,,,
2018-09-24,,,,,,,,,,0.0,,,,,
2018-09-25,,,,,,,,,,0.0,,,,,
2018-09-26,,,,,,,,,,0.0,,,,,
2018-09-27,,,,,,,,,,0.0,,,,,
2018-09-28,,,,,,,,,,0.0,,,,,
2018-09-29,,,,,,,,,,0.0,,,,,
2018-09-30,,,,,,,,,,0.0,,,,,
2018-10-01,,,,,,,,,,0.0,,,,,
2018-10-02,,,,,,,,,,0.0,,,,,
2018-10-03,,,,,,,,,,0.0,,,,,
2018-10-04,,,13.35,,,,,,,0.0,,,,,
2018-10-05,,,,,,,,,,0.0,,,,,
2018-10-06,,,,,,,,,,0.0,,,,,
2018-10-07,,,,,,,,,,0.0,,,,,
2018-10-08,,,,,,,,,,0.0,,,,,
2018-10-09,,,,,,,,,,0.0,,,,,
2018-10-10,,,21.741666666666664,,,,,,,0.0,,,,,
2018-10-11,,,21.22916666666666,,,,,,,5.6,,,,,
2018-10-12,17.64086956521739,0.5247260869565219,17.529166666666665,7.213757378515541,0.006350879874743723,0.007233286066708753,1306.918736717976,9.33,25.91,3.0,,,,0.3508782551583144,0.31644842195663947
2018-10-13,15.494166666666665,0.606475,15.387500000000003,7.056490319873354,0.006253013107544908,0.006992415665288257,1057.6739032581215,8.83,23.43,0.0,-0.024920636657944174,-0.0025664030529651796,9.710336273622838,0.3935066521811572,0.3700957003114278
2018-10-14,16.75166666666667,0.3472916666666666,15.358333333333333,0.15365441253294748,0.00391041615423743,0.00806508525675899,2053.026972900673,10.95,22.3,0.0,0.014598061342592637,-0.06143094479274906,-0.23763367781241912,0.485750047191493,0.24593353241409102
2018-10-15,16.902916666666666,0.39576249999999996,15.545833333333334,2.6461030172590596,0.004616723625441871,0.008173444866015742,1772.8548959437683,11.15,23.16,0.0,0.001755830439814785,0.0185218098269127,0.09479799524037413,0.4672052894710898,0.2685688218838611
2018-10-16,15.442083333333334,0.49585833333333335,15.241666666666667,4.12746395658695,0.005119482849376519,0.006351043387614362,1411.518743552768,7.42,24.34,0.0,-0.016958516589506152,0.013184075086398744,-1.2862879252713968,0.3384966198048083,0.28551134202892253
2018-10-17,15.28375,0.5035583333333332,15.33333333333333,3.9228321631763023,0.005039282130402999,0.006019161564811328,1415.8569339440564,6.64,24.57,0.0,-0.0018380594135802661,-0.0021031385414571526,0.8739602158147758,0.31648031678273936,0.2830834564019394
2018-10-18,16.477916666666665,0.5755416666666666,15.791666666666666,7.551994456354561,0.006518939915776143,0.006438715022564559,1121.0851468909912,7.62,24.75,0.0,0.013862837577160487,0.03880171345612105,0.35727385062098577,0.3348283211073331,0.3454868044463861
2018-10-19,16.40666666666667,0.6749833333333334,16.566666666666666,10.099383091714582,0.007700237212321295,0.009016283883770614,795.2365739782321,12.63,21.44,2.4000000000000004,-0.00082712673611106,0.030977675824870755,-0.026700735742317783,0.5720074694335664,0.4928396852853556
2018-10-20,14.50083333333333,0.8485375000000001,15.641666666666667,11.827928525821136,0.008583588854151622,0.00788379626479363,338.5468152623392,10.61,18.84,0.0,-0.022124430941358093,0.023164516570059985,-0.9551000503051206,0.5879055293053504,0.6439846738364461
2018-10-21,9.81791666666667,0.8153166666666668,13.208333333333334,6.739295129741412,0.006094079511444666,0.006884025879224154,386.63589661135353,8.6,12.05,0.0,-0.05436302565586413,-0.06528349265414196,0.8327223842613303,0.7942059911058074,0.7029044207840424
2018-10-22,10.468750000000002,0.8695124999999999,12.700000000000005,8.344352781506984,0.006787831541474017,0.0066762625015877545,267.7957341241165,8.15,13.11,0.0,0.007555391589506148,0.018192562999972812,0.41530110900357686,0.718577913630115,0.7303726772661353
2018-10-23,11.753749999999998,0.75185,13.154166666666667,7.064550046043148,0.006237331324994949,0.0066808183069883564,588.1357238516796,8.16,16.75,0.0,0.014917303240740701,-0.014436008020575309,-1.033339910831264,0.5687480149169135,0.5439898865956055
2018-10-24,9.979166666666666,0.7822916666666667,11.954166666666667,6.2762537784834,0.005951104714388994,0.004975446265753574,465.0552490264309,3.91,16.0,2.0000000000000004,-0.020600776427469124,-0.007505845634062104,2.744630975886477,0.4447566858913158,0.5276294816877379
2018-10-25,8.024166666666666,0.7098749999999999,9.441666666666665,2.819547218940716,0.0046503493075138935,0.004224382307346179,650.0982529309541,1.61,12.63,0.0,-0.02269519675925926,-0.03411027811497626,0.6653477489324497,0.469889125823763,0.5219003615601181
2018-10-26,12.988750000000001,0.6513791666666665,11.8125,6.065934973969658,0.005830867078583071,0.0061831260095473,867.4763442480411,7.03,18.66,0.0,0.057632836612654344,0.030957233987271873,1.861692056737052,0.46678600114283125,0.45313862855276477
2018-10-27,17.91708333333333,0.5752208333333334,14.612499999999997,8.999063333241153,0.00715515527967926,0.00940402093898769,1121.8460310468645,13.27,25.6,0.0,0.057212017746913535,0.034727388873433344,1.6474609696521427,0.46403896706514297,0.3595469603961863
2018-10-28,18.845000000000002,0.57605,15.195833333333333,10.22279651555939,0.007764462024476987,0.010685116950410672,1087.0324241436408,15.23,21.58,0.0,0.010771995563271665,0.015978117340531655,0.6741717646512939,0.6714142581324039,0.48637396958621426
2018-10-29,20.652083333333334,0.5912166666666667,16.53333333333333,11.989954036800533,0.008743647520284526,0.011843258896793283,1094.0470309278523,16.83,26.26,0.6000000000000001,0.02097806230709874,0.025677609650215504,0.8169787839625748,0.5611554635144764,0.4213939403059713
2018-10-30,18.484583333333333,0.6760250000000001,16.387499999999996,12.144925713748606,0.008828584606938224,0.007593074347138015,802.1426822219804,10.05,21.51,1.2,-0.025162065972222227,0.002227342383295342,-11.296900809203423,0.48006778748290274,0.5604489003225479
2018-10-31,13.762500000000001,0.6387708333333335,14.304166666666665,5.987994908105111,0.005814291811987089,0.005961251102690333,971.922089673726,6.5,22.48,0.0,-0.05481770351080246,-0.0790451187151014,0.6934989079892374,0.3555794475952139,0.3692199340343667
2018-11-01,17.004583333333333,0.6710958333333333,14.987499999999999,10.53119209703191,0.0080034916379649,0.0071505767853215834,817.4709324324809,9.16,24.25,0.0,0.03763668499228393,0.057408344811539995,0.6555960656214279,0.382988060244071,0.4292188807931917
2018-11-02,17.419583333333332,0.7261791666666667,16.170833333333334,12.369992402611416,0.00891497577352099,0.01080320348573276,639.6668995323174,15.4,21.14,0.6000000000000001,0.004817650462962953,0.023902247260996688,0.20155638130412615,0.6973538534623455,0.5759202987857482
2018-11-03,17.889166666666664,0.5980333333333333,15.924999999999997,9.485691638963635,0.007441785820808111,0.008956998776680769,1056.3963889191864,12.53,23.21,0.0,0.00545129726080246,-0.038632104650594155,-0.1411079543842202,0.5102061517787817,0.4306336511438303
2018-11-04,14.950833333333334,0.6336,14.683333333333332,7.704095885600927,0.006537705309802747,0.008705993986092874,909.6348769611963,12.1,20.06,0.0,-0.03411051311728392,-0.023708098775317214,1.4387704995052908,0.6014552449913734,0.45883751737379924
2018-11-05,14.836249999999998,0.5949124999999998,14.479166666666666,6.6428279560547105,0.006071655301090526,0.007203998132466791,1026.7468056457037,9.27,20.07,0.0,-0.0013301745756173114,-0.012221433275339382,0.10883949088863092,0.4978334743225057,0.42738670350466784
2018-11-06,12.327083333333333,0.6899874999999999,13.225000000000001,6.549897673926924,0.006015699800660731,0.007063918019822453,724.9632533960718,8.98,18.04,0.0,-0.02912840470679011,-0.0014673455683019677,19.85108711678456,0.5541415565331939,0.4778511043561616
2018-11-07,12.759166666666667,0.7078749999999999,13.229166666666664,7.339416067044219,0.006351314029626721,0.007184531352489506,680.9067163104122,9.23,18.04,0.0,0.005015967399691374,0.008800958757400328,0.5699342012566159,0.5635621476615874,0.5043403449986174
2018-11-08,10.417083333333336,0.7301166666666666,12.0875,5.472399283889644,0.0055923137367578845,0.005300200363055686,619.9998837476174,4.81,17.27,0.0,-0.027188768325617257,-0.01990359674252762,1.366022868998524,0.4369460951204802,0.4677319590577795
2018-11-09,8.525416666666667,0.7352166666666666,10.716666666666667,3.742248684830887,0.004958511033443078,0.004444678251972916,598.5751915399502,2.32,15.96,0.0,-0.02195997299382719,-0.016620485577706876,1.321259411535015,0.3984562058473481,0.4507782077404282
2018-11-10,8.978333333333333,0.7424666666666665,10.4,4.29346388325767,0.00515461154856513,0.0047385678464248165,586.6773723415555,3.22,16.83,0.0,0.005257817322530866,0.005142429602020937,1.0224383665776549,0.4018294543424396,0.44407552254815497
2018-11-11,10.700416666666664,0.7095916666666665,10.875,5.326650785872972,0.005542608458473525,0.005577298116639347,673.6424412472155,5.54,18.64,0.0,0.019991314621913545,0.010174612717175926,1.9648231512700123,0.42173217677136754,0.42497761052562055
2018-11-12,11.865416666666668,0.6678291666666666,11.299999999999999,5.441895568330604,0.005580777217232883,0.006010858183341145,804.6698597643262,6.62,19.93,0.0,0.013524247685185236,0.0010009160597786067,13.511870004540315,0.4193034591365079,0.39870506320294385
2018-11-13,11.807916666666666,0.6712916666666667,11.5625,5.7413149753313535,0.005688929058003248,0.007184531352489506,760.3863080993489,9.23,16.82,0.0,-0.0006675057870370692,0.0028361130369516105,-0.23535937331839785,0.6087311957190917,0.4852810290311888
2018-11-14,9.935,0.7422333333333334,11.204166666666667,5.328047213872128,0.005544475263601447,0.004854007758395446,577.4043124674732,3.56,15.13,0.0,-0.021742308063271584,-0.003788075049133466,5.739671939246612,0.4588234270936079,0.5277628398140581
2018-11-15,5.9245833333333335,0.7352833333333333,9.1375,1.1072335203500752,0.00411510439100088,0.0035471790683252874,602.2721118501979,-0.8,13.3,0.0,-0.04655611014660494,-0.037483017741961444,1.2420587495677107,0.3777976229484775,0.4480118301703026
2018-11-16,5.072500000000001,0.7807249999999999,8.3625,1.3604349333180406,0.004169534665996914,0.0038628210844493553,463.0993384300537,0.37,10.99,0.0,-0.009891661844135797,0.0014273489144663112,-6.9300937870782,0.4789018855784292,0.5220366078899851
2018-11-17,2.9337500000000003,0.7466125000000002,6.6791666666666645,-1.347858767922892,0.003420869394962139,0.0036791456317585886,531.9810462114533,-0.3,5.62,0.0,-0.024828313078703708,-0.019632576943400978,1.26464870863777,0.6567698448313775,0.6184892182693541
2018-11-18,2.151666666666667,0.7742249999999999,5.920833333333332,-1.4723012414377579,0.0033883835098971198,0.003776847293259221,450.3666568909701,0.06,4.12,1.0,-0.009079046103395062,-0.0008518915766347136,10.657513646584754,0.7485273372347514,0.6735982344576545
2018-11-19,1.4145833333333335,0.9264791666666667,5.074999999999999,0.3271470697217798,0.003854506341793259,0.0037686182587623037,135.6629292002555,0.03,3.41,9.599999999999998,-0.008556650270061729,0.012223342949551408,-0.7000253781127653,0.7851673967732389,0.8038520878465234
2018-11-20,3.782916666666667,0.8947500000000002,4.95,2.1985980080521283,0.004417392877381917,0.004270097571068274,198.11343064654466,1.76,6.23,6.0,0.027493499228395057,0.014760819885600709,1.8625997364289484,0.7305106041980555,0.7544932179457171
2018-11-21,4.087083333333334,0.8825708333333332,5.204166666666667,2.301930206460729,0.0044448670125594265,0.004762133444515114,223.13710413068486,3.29,5.23,0.0,0.003531008873456796,0.0007204662666939682,4.901005136103977,0.8728583184555722,0.8148349319760289
2018-11-22,4.967916666666666,0.8141625000000001,5.675,2.0174401572094247,0.0043589366011125485,0.004857440545222581,368.55912760761504,3.57,7.84,0.0,0.010225414737654301,-0.0022533907739264894,-4.5377902740929015,0.7438938403378585,0.6679949144170674
2018-11-23,4.920416666666667,0.8434958333333333,6.058333333333334,2.4593163668382214,0.004503711758361937,0.004705082446983784,307.6878069515417,3.12,8.14,0.2,-0.0005514178240740572,0.0037965022876820143,-0.1452436433037763,0.7060694432652227,0.6758395828322428
2018-11-24,5.05,0.858825,5.445833333333333,2.842382558830915,0.004635381207192869,0.004236530304780981,276.2693167003966,1.65,8.51,0.0,0.001504306520061721,0.0034528255620773847,0.43567405680252735,0.6201709022835368,0.6771494848838322
2018-11-25,7.584166666666668,0.8774624999999999,6.425000000000001,5.672578476843582,0.005677033919026916,0.0053411560680279154,240.01229225472798,4.92,10.01,2.4000000000000004,0.02941862461419755,0.027315714785485643,1.0769853487352012,0.7062728746953358,0.7447566742845445
2018-11-26,8.86875,0.8963458333333333,7.849999999999998,7.254800458975851,0.00629769606137543,0.006630855872704247,203.1568286200924,8.05,10.68,3.5999999999999996,0.014912466242283937,0.016275894898492363,0.9162301879735828,0.8377960705863376,0.7938045815694866
2018-11-27,5.2525,0.9054208333333335,7.124999999999999,3.829193582866227,0.005000092470930818,0.004176099371924081,178.31544945117454,1.45,8.52,0.0,-0.04198030960648148,-0.03402762665379988,1.2337125369804045,0.610933002574362,0.7235296167752864
2018-11-28,0.5154166666666666,0.9223624999999999,3.85,-0.6129298707666851,0.0035992106846098374,0.0035889426548116605,142.42353692242185,-0.64,1.57,1.2,-0.05499183545524691,-0.03673593596847659,1.4969493496078572,0.852344065177743,0.8549658393173777
2018-11-29,0.03875000000000006,0.7567583333333334,3.1124999999999994,-3.9245969303498662,0.002873122708925242,0.0031131911921516184,498.44514145551074,-2.57,2.17,0.2,-0.0055335262345679,-0.01904052264986651,0.2906184003623816,0.7085286709367488,0.6492232102634493
2018-11-30,-3.4704166666666665,0.7056374999999999,1.125,-8.17442331197972,0.002037249476549792,0.002360685320253546,633.1663952121625,-6.24,-0.16,0.0,-0.040737201003086414,-0.021919469467120593,1.8584939322638532,0.6356499211457204,0.5529358689710944
2018-12-01,-3.3425,0.7856875,0.07083333333333332,-6.62734984936806,0.002304973702965604,0.0021809763346138473,457.83619328335044,-7.27,-0.72,0.0,0.001484958526234568,0.0070206495186508925,0.2115129835622277,0.6117736741793621,0.6474437766980108
2018-12-02,0.9766666666666669,0.8052666666666665,0.29583333333333334,-2.158973860288739,0.0032498318683918457,0.00274773505290201,410.0871703769631,-4.24,7.23,0.0,0.05014032600308642,0.024777429047419714,2.0236290822234424,0.439259871916457,0.5191720264028842
2018-12-03,4.880416666666668,0.7900999999999999,2.5124999999999997,1.4637041110721025,0.004235079570858874,0.004206218366202894,426.318403199731,1.55,9.33,1.4,0.045317838541666676,0.025836581547662715,1.7540183657062138,0.582575749471189,0.5824792613741334
2018-12-04,6.857916666666667,0.9002791666666666,5.041666666666667,5.316112717924061,0.00553992103160928,0.005322505125365593,193.28207011115703,4.87,8.34,2.0,0.022956394675925917,0.03421742849339697,0.6708977175288282,0.7876560242667943,0.813678315795663
2018-12-05,3.6550000000000007,0.8755291666666668,4.8291666666666675,1.7333758198506688,0.004288362393019821,0.00338690579086817,241.8398719915729,-1.43,6.41,0.2,-0.03718200713734567,-0.03282016973663576,1.1329011225630858,0.572578518516185,0.7226432014831874
2018-12-06,-0.8925,0.8723041666666668,2.6666666666666674,-2.9904306622261667,0.0030394550650239397,0.0024921304549575056,293.11124826695,-5.53,5.34,0.2,-0.052791001157407404,-0.032750643258992,1.6119073063675824,0.4539310111084992,0.5594440166396673
2018-12-07,0.3841666666666666,0.8665750000000001,2.1374999999999997,-1.6366425524180197,0.003356576388906525,0.002758095845019932,266.55929223028306,-4.19,3.87,0.0,0.014820563271604938,0.008316011216752232,1.7821721117630982,0.5566503586595098,0.6758307819200461
2018-12-08,4.160416666666666,0.8531541666666667,3.0833333333333335,1.877750386257387,0.004398149912072464,0.0041164359414582715,284.55449313882235,1.25,7.76,2.4000000000000004,0.04383771701388889,0.027313638186396802,1.604975386827877,0.6341427506471674,0.6651749362764983
2018-12-09,3.8212500000000005,0.9067166666666667,3.4541666666666675,2.360120070310881,0.004503628964494255,0.003526459852348249,184.74812114476174,-0.88,8.64,0.2,-0.003937316743827152,0.0027660233387420655,-1.4234575278810802,0.5119222433539808,0.6502449219986085
2018-12-10,5.038333333333333,0.8253124999999999,4.3,2.10870103726753,0.004419492905180738,0.003924886090422838,365.39717789276807,0.59,9.02,0.6000000000000001,0.014128872492283943,-0.002206336692904307,-6.403769895013362,0.5551813249149801,0.6281596838202274
2018-12-11,0.9558333333333332,0.8726250000000001,2.441666666666667,-1.0375056441106147,0.003510341075621419,0.003049052154613343,258.3932201448621,-2.85,5.55,1.0,-0.04739291087962962,-0.02384108618045946,1.9878671013937956,0.5471486167372402,0.6306973298094632
2018-12-12,2.6254166666666676,0.8588416666666666,2.8208333333333333,0.4689862319859916,0.003897568228007572,0.004031269900272582,268.8967488326709,0.96,4.95,0.0,0.019381852816358038,0.010154427028901264,1.90870964567414,0.7537773784465855,0.7292535989177547
2018-12-13,0.8320833333333333,0.8827041666666666,2.5541666666666667,-0.9552812521520956,0.003514981877152389,0.0033943891659728195,226.421297493786,-1.4,4.29,0.0,-0.020818441358024704,-0.010032729260003972,2.0750526420580857,0.6649107462847309,0.6903816114181065
2018-12-14,-1.0970833333333336,0.9370833333333334,1.2500000000000002,-1.9895199831195185,0.003268850162795983,0.0029972493491767075,128.81710199738717,-3.08,0.13,0.0,-0.022395302854938275,-0.006454419628193059,3.469762448836617,0.7899406236380945,0.8569430853999874
2018-12-15,-0.21624999999999997,0.9894708333333333,1.175,-0.36183262807858657,0.0036635671896218074,0.0035032794820254007,21.997906142688752,-0.97,0.07,0.0,0.010225414737654325,0.010350837283152826,0.9878828599013298,0.9270484320555167,0.9691172170235793
2018-12-16,-3.095833333333333,0.9648041666666667,1.0458333333333334,-3.5751979918112338,0.002967949338370686,0.0016764288393350966,107.67766061743988,-10.63,-0.74,0.0,-0.03342849633487654,-0.01824149124616807,1.8325528260689077,0.4710771916186384,0.8109778051586155
2018-12-17,-5.424166666666667,0.9623458333333335,1.0750000000000004,-5.923941466042968,0.0025025493715704755,0.00150625676143243,145.19282459949147,-11.97,-1.53,0.0,-0.027029147376543217,-0.012204386941887399,2.2147075068371427,0.4485199343027044,0.7194745146066984
2018-12-18,-5.486666666666667,0.9665374999999999,1.1541666666666663,-5.933845499645357,0.0024188356202364354,0.0022911443987036276,141.72000205720914,-6.63,-4.98,0.0,-0.0007255497685185185,-0.002195262325998743,0.3305070924443742,0.8819178254352527,0.9301259901387798
2018-12-19,-3.6854166666666663,0.9759124999999998,1.1500000000000004,-4.0105742864356655,0.00280213471476526,0.002610229218059667,99.4304667555454,-4.92,-2.27,0.0,0.020910344328703714,0.010051419849183224,2.0803373694914242,0.8202760102862222,0.8783989900916056
2018-12-20,-4.078333333333333,0.9717208333333335,1.0833333333333335,-4.458396449335781,0.0027327845896130813,0.002061102377684414,111.6762639368924,-8.0,-1.86,0.0,-0.004561289544753088,-0.0018185986725453359,2.508134209934864,0.6286116008280738,0.8239328482812714
2018-12-21,-0.5904166666666666,0.9433333333333332,0.9874999999999995,-1.3923939181846612,0.0034002333402031993,0.0032570976923730994,111.98604041765958,-1.96,1.24,8.6,0.04049051408179012,0.01750280059555305,2.3133734433378383,0.7922234513578645,0.8262886015762028
2018-12-22,2.5329166666666665,0.8827458333333337,0.7374999999999998,0.7682985884815824,0.003984654298659424,0.0036818289130290892,220.5682227316978,-0.29,5.06,16.799999999999997,0.03625814043209876,0.015325526477766914,2.3658658960068526,0.6833267077289434,0.7389555562378336
2018-12-23,3.7675,0.8736708333333332,0.6458333333333331,1.8373108218327632,0.004300884353416356,0.0043286345619005144,241.16133780208494,1.95,5.84,0.0,0.01433202642746914,0.00829263907653997,1.7282829139416798,0.7607253694074383,0.7560212336960349
2018-12-24,3.5154166666666673,0.88055,1.6708333333333334,1.6970576501305346,0.004272158967565653,0.004267036262676648,227.0619206965504,1.75,5.89,1.2,-0.0029263840663580182,-0.0007532783605192776,3.884864108323376,0.7473379082712353,0.745977207806511
2018-12-25,1.0333333333333332,0.8248125000000002,1.4625000000000001,-1.6856475806270332,0.0033395317861734234,0.0036497441274742624,338.1451990226979,-0.41,2.35,0.0,-0.028813999807098773,-0.024456690602040303,1.1781643017839447,0.8197922605277485,0.7506376724486641
2018-12-26,1.9916666666666665,0.8566624999999998,1.4124999999999999,-0.1887964667028544,0.0037173182239533583,0.0037604051736065,271.71818010399727,0.0,4.2,0.0,0.011125096450617282,0.009906859039469761,1.1229690870026474,0.7411053919878048,0.7327376909054782
2018-12-27,2.0675,0.8859958333333334,1.8708333333333336,0.3518093797232873,0.0038767137483644467,0.0034955828710264755,215.65975813096907,-1.0,5.02,0.0,0.0008803337191358035,0.004179898572173902,0.21061126339196198,0.6506440341350896,0.7194983326796384
2018-12-28,4.394583333333334,0.9029541666666666,3.1124999999999994,2.9045635383436905,0.0046481033991360885,0.004282362336199578,186.5360416372034,1.8,7.88,0.4,0.02701463638117285,0.020228488295156978,1.335474801032986,0.6542673438533876,0.7098247735766267
2018-12-29,3.577083333333333,0.8830416666666666,3.15,1.8062786089657832,0.004305726744472635,0.0038237810577367685,221.3437482078957,0.23,6.31,0.0,-0.009490190972222236,-0.008978292805026164,1.0570150894287502,0.6507332910634018,0.7298664550700807
2018-12-30,3.8754166666666667,0.9065333333333331,3.5166666666666675,2.458967729974488,0.004494672387471893,0.004482903311677812,177.14028231017258,2.44,5.87,2.2,0.003463290895061734,0.004954804260088362,0.6989763294907579,0.7861296146771133,0.7887967142324638
2018-12-31,3.9570833333333337,0.9271999999999997,3.679166666666667,2.880611177981217,0.004629542928975094,0.004809577251743636,134.72229384929577,3.43,4.76,1.4,0.0009480516975308681,0.0035367692157003547,0.2680558554180737,0.9108761603733503,0.8764987200278234
2019-01-01,1.3287499999999999,0.9135958333333334,2.6916666666666664,0.03238929848084923,0.0037814671203437486,0.0031997873087591033,165.04961940642335,-2.2,4.73,0.0,-0.030511786265432102,-0.022239462962906055,1.3719659650200966,0.607864915662718,0.7180848779929739
2019-01-02,1.9120833333333331,0.8420958333333334,2.091666666666667,-0.568174452969164,0.0036174859089939527,0.003426987408516141,310.1956983201232,-1.27,5.16,0.0,0.006771797839506172,-0.004300151047005662,-1.5747813891843636,0.631714886090722,0.6697417709767453
2019-01-03,-2.065833333333334,0.8782333333333333,1.0874999999999997,-3.8256084017606646,0.002857987535727737,0.0024246890673109028,252.33959175122683,-5.89,0.85,0.0,-0.04617882426697532,-0.019916658122698275,2.3186030498935475,0.6068459625819874,0.7099905520802533
2019-01-04,-4.234999999999999,0.8950208333333335,0.6499999999999999,-5.716377448123105,0.0024686553481571053,0.0020151364904506903,249.95153784189907,-8.29,-2.04,0.0,-0.025181413966049372,-0.01020962828749674,2.4664378816697847,0.6228222706321804,0.7600423324224233
2019-01-05,-4.988333333333333,0.9393958333333333,0.21250000000000002,-5.822267485378952,0.0025311612203466932,0.001718161454895291,180.11269409997547,-10.32,0.45,0.0,-0.00874529320987655,0.0016391188327466476,-5.335362534528499,0.4428042153629121,0.6283418281522059
2019-01-06,-0.3758333333333333,0.9455291666666668,0.2333333333333333,-1.1529504836982516,0.003471771752065302,0.002861488014715049,107.18738130481046,-3.7,0.93,1.2,0.053545572916666666,0.02466604149036471,2.170821489033137,0.711862865589005,0.860229562464263
2019-01-07,-7.144583333333333,0.8142708333333332,0.3416666666666668,-9.854568792678032,0.0018111020303279966,0.0013638193091485163,440.8599038729539,-13.2,-3.76,0.0,-0.07857703993055555,-0.04354846865612062,1.8043582783825798,0.47919239539319913,0.6297306050509215
2019-01-08,-7.958749999999999,0.8952541666666667,0.2874999999999999,-9.388310971349332,0.001930304660741929,0.0012234596553490924,294.85309219980655,-14.53,-2.26,0.0,-0.009451494984567894,0.0031259027284953533,-3.023604956868684,0.38451698630288095,0.5814876617408486
2019-01-09,-0.7791666666666667,0.9221833333333335,0.2916666666666666,-1.902658266927995,0.0032755486800936317,0.0029905505585354924,154.31025550026615,-3.11,0.72,0.2,0.08334632040895061,0.03527692246371817,2.362630144244333,0.755257683810549,0.8271011077932645
2019-01-10,-1.730416666666667,0.9614041666666666,0.3166666666666666,-2.2716618481086344,0.0031930008052507013,0.0029264794954370885,95.53764270835563,-3.4,0.09,0.0,-0.011042867476851854,-0.0021646890367014076,5.101364348238755,0.7735620948052311,0.8416774473665983
2019-01-11,-2.714166666666667,0.8763166666666667,0.40000000000000013,-4.489566338321422,0.00270436021767667,0.0024694665793359954,263.3480302047254,-5.65,-0.92,0.0,-0.01142015335648148,-0.01281383590821089,0.8912361168261597,0.7027691351891876,0.7678264724687096
2019-01-12,-2.745416666666666,0.8626416666666666,0.32083333333333325,-4.748261807244504,0.0027030063920955283,0.001953236052923099,291.238465474241,-8.69,0.31,0.0,-0.00036277488425924895,-3.550196051296764e-05,10.21844650316536,0.5084390936033705,0.6895467709735195
2019-01-13,-0.09416666666666675,0.9056458333333333,0.39166666666666683,-1.4781960922005526,0.003385028002658983,0.0029972493491767075,183.44396098707443,-3.08,2.77,1.0,0.030777821180555547,0.01788495107826009,1.7208781307748324,0.6536927830363317,0.7373505118678549
2019-01-14,2.5841666666666665,0.7987541666666668,0.525,-0.6544617901199019,0.0036293188476675445,0.003164425739518304,407.563818685611,-2.35,7.01,0.2,0.031092226080246914,0.006406145705904204,4.853499671665423,0.5134247719828359,0.5864869583500673
2019-01-15,0.7483333333333334,0.7341541666666664,0.34999999999999987,-3.5219160052730456,0.002917190859198515,0.003021926020476777,536.1796909458692,-2.97,2.65,0.0,-0.02131181520061728,-0.018674443797618318,1.141228913245348,0.6647023103398663,0.6407409271762042
2019-01-16,3.6283333333333334,0.6856,1.2,-1.7767328486531841,0.0033346250467543117,0.0038628210844493553,670.9744848888882,0.37,8.55,0.0,0.03343333333333333,0.010946559327732714,3.0542321411104205,0.5640626380982873,0.4880051852170934
2019-01-17,2.4004166666666666,0.81465,1.5625,-0.5422003534114405,0.003657236096672912,0.0035161406739685655,369.87263587231934,-0.92,9.3,0.0,-0.014254634452160493,0.0084599707043498,-1.6849508054243374,0.4881863380318847,0.505326653602773
2019-01-18,2.16875,0.8722000000000002,1.5291666666666666,0.24106387661807174,0.0038490399332208724,0.003868427067969381,240.2586472250595,0.39,4.43,1.0,-0.002689371141975306,0.00502975591997565,-0.5346921768697528,0.7501584370668486,0.7434354268097622
2019-01-19,0.5495833333333334,0.9420041666666666,1.45,-0.27927017132169935,0.003691842175795773,0.003549776569531451,106.6542870043631,-0.79,1.91,0.2,-0.01879657600308642,-0.004122265566977249,4.5597683355634615,0.8228033470880912,0.854295899034448
2019-01-20,0.9420833333333335,0.9516083333333332,1.4375000000000002,0.2519008087571192,0.0038328384912709236,0.0038293366334065503,86.10297029020488,0.25,1.88,1.7999999999999998,0.004556452546296297,0.003697408066592888,1.232336940968219,0.8893564660394735,0.8896905851827459
2019-01-21,0.8725000000000002,0.8774208333333333,1.7500000000000002,-0.9726918448240669,0.003507709341249845,0.003727711788509413,229.73562805800307,-0.12,2.34,0.0,-0.0008077787422839505,-0.008526003945005873,0.09474294728154668,0.837861739021439,0.7898833478367331
2019-01-22,-0.19499999999999995,0.9842041666666669,0.975,-0.4142043021510257,0.0036501686595670504,0.0035863196740135985,31.026469467846454,-0.65,0.19,0.8,-0.012392390046296298,0.003735773030183836,-3.317222418538225,0.9407559206196099,0.9570872693239557
2019-01-23,0.09875,0.9718958333333334,0.6624999999999998,-0.2992591921434237,0.0036803271817000566,0.003620551796571147,51.9207781267761,-0.52,0.88,3.8000000000000003,0.0034100839120370366,0.0007908601202472569,4.311867326134611,0.9035315652532512,0.918537670300285
2019-01-24,-0.23916666666666667,0.9882750000000001,0.5375,-0.40142059606063213,0.0036537393460987426,0.0035471790683252874,25.394949005562466,-0.8,0.41,6.6000000000000005,-0.00392280574845679,-0.0006972244451513342,5.626316999836883,0.9158093255758977,0.9428300486634428
2019-01-25,-1.5612500000000002,0.9835208333333333,0.5583333333333332,-1.787593356955197,0.003300736140331946,0.0031926869912492464,53.88121092949651,-2.23,-0.8,0.0,-0.015347796103395064,-0.00925695750372523,1.657974134289666,0.9002572069810736,0.9301609646186261
2019-01-26,-3.8241666666666667,0.9165708333333336,0.5291666666666667,-5.014932656482008,0.002607842309257389,0.002344472567855957,207.95018459496274,-6.33,-2.06,0.0,-0.02626973861882716,-0.018170058073319197,1.4457707571887999,0.7255361621500989,0.8038938190181791
2019-01-27,-1.6270833333333325,0.8380208333333333,0.4916666666666667,-4.043344197468021,0.0028249833365733158,0.002458203665766206,335.10211683621566,-5.71,2.16,1.4000000000000001,0.02550549286265433,0.005694184158504993,4.4792181202215975,0.5600821256230618,0.6370260881893416
2019-01-28,2.275,0.8201624999999999,0.42916666666666686,-0.5329302388998874,0.003624156597615887,0.0038768496086544505,349.52595127331796,0.42,4.03,2.8000000000000003,0.0452984905478395,0.020957070062621045,2.1614896744862118,0.7731693632387551,0.7244269802230981
2019-01-29,1.1108333333333333,0.9243708333333335,0.5291666666666669,0.003303074153559415,0.003763505112819603,0.0038376834560643787,138.09015412265666,0.28,2.43,0.0,-0.013514573688271603,0.00365419707916245,-3.6983702289448424,0.8570153449364941,0.8411432719487957
2019-01-30,0.9862499999999997,0.9553333333333334,1.55,0.34572313639205765,0.0038583451849613145,0.0038182326508737043,79.93699063846684,0.21,2.38,0.0,-0.00144626253858025,0.002487032704303664,-0.5815213189909314,0.8557207283136612,0.8646315514019697
2019-01-31,0.22958333333333336,0.9853541666666668,1.5583333333333333,0.024023138452797577,0.0037783127963893636,0.0031550549257447144,32.53873699151004,-2.39,1.94,0.2,-0.00878398919753086,-0.0020987243396922697,4.18539444719016,0.7299199668562604,0.8712934532283799
2019-02-01,4.073333333333334,0.8344666666666668,2.4083333333333337,1.3558905154327803,0.004169403019504086,0.0038210059587080528,339.3593138728552,0.22,8.18,0.0,0.0446213107638889,0.010255730022709984,4.350866361056774,0.572150727626857,0.6284238676530143
2019-02-02,9.530416666666666,0.7168,4.733333333333333,4.6620876083468366,0.005275230999089785,0.006333636774202529,609.8040821737046,7.38,11.85,0.0,0.06335016878858023,0.02899861090841686,2.184593220297763,0.7406544832368064,0.6142054236812639
2019-02-03,10.448333333333332,0.7274583333333334,6.191666666666666,5.536558596620413,0.005611646030576703,0.0060524770161660725,615.2178943442175,6.72,14.39,2.8,0.010655907600308642,0.00882195855225772,1.2078845686235489,0.5996458463328284,0.5614905935505484
2019-02-04,4.2612499999999995,0.8541291666666667,4.691666666666666,1.9906039050026185,0.0043583755967882935,0.004527868250508721,283.53881910058243,2.58,6.0,0.0,-0.07182459008487653,-0.03286505889104825,2.1854392631087007,0.7868870233401571,0.7567698707459586
2019-02-05,3.307916666666667,0.9302041666666666,3.820833333333333,2.2826270456073914,0.004442661042061218,0.0042304524299935295,128.22088054928062,1.63,4.33,0.4,-0.011067052469135795,0.002210254106274202,-5.007140327313491,0.8259451772354657,0.8656731500309474
2019-02-06,3.879166666666667,0.8196083333333332,4.145833333333334,0.9739863184557586,0.004055513966726859,0.003916370802994224,362.1938860417106,0.56,7.6,0.0,0.006631524884259259,-0.010152327133338343,-0.6532024428648061,0.6100156378511461,0.6333961373388423
2019-02-07,0.12958333333333344,0.878229166666667,2.1041666666666665,-1.6942162938390857,0.0033545574948760245,0.002751875202693398,244.91915729980187,-4.22,4.46,0.0,-0.04352814911265432,-0.018381488229800878,2.3680427051648936,0.5328801925750158,0.6451479981745347
2019-02-08,1.8966666666666663,0.8518625000000001,2.4458333333333333,-0.4695254574723531,0.0036660388601915997,0.0031714700979241163,302.57076005039727,-2.32,6.97,0.0,0.020513710455246907,0.008168112115767656,2.5114384039424986,0.5159788676379484,0.5972173294601523
2019-02-09,2.530416666666666,0.8537500000000001,3.5208333333333335,0.09874003928898362,0.00379677702421016,0.003633795190299432,303.22255346585945,-0.47,7.34,0.0,0.007357074652777775,0.003428404073005459,2.14591818703806,0.5762427746581397,0.6105254738835865
2019-02-10,3.671666666666667,0.8247083333333335,2.9499999999999997,0.838513814540875,0.004055851247429168,0.003357118869279182,357.8953401066901,-1.55,9.22,0.0,0.013248538773148157,0.00679381670044472,1.9500877573398345,0.46867076364252197,0.5627621107274602
2019-02-11,5.518333333333334,0.8547250000000001,4.0041666666666655,3.2540324526606113,0.004763107623332204,0.005219124783910232,283.29969724488836,4.59,7.41,4.6000000000000005,0.02143757716049384,0.01854669336996977,1.1558705766497923,0.8229001214036895,0.7503305576575552
2019-02-12,3.655,0.7353708333333334,3.4333333333333336,-0.841218430033751,0.003570750236312322,0.0037795938537151575,558.4003436902663,0.07,6.07,2.4,-0.021631057098765446,-0.0312677094161792,0.6918017821789224,0.6539734090531429,0.6213640895872328
2019-02-13,0.5775,0.7653916666666666,2.1208333333333336,-3.4750869811509175,0.0029181986694496267,0.002808313576570001,519.6259275646333,-3.95,6.14,0.0,-0.035726070601851845,-0.017112145229150957,2.0877610681442564,0.4838568962141503,0.5167683945871168
2019-02-14,4.693333333333334,0.7736875000000002,3.233333333333333,0.9055862914455902,0.004048390360238334,0.0034700360281367665,473.0081597864432,-1.1,9.9,0.0,0.047779870756172856,0.029637511166416986,1.6121418052914456,0.46276821108019445,0.5418364642764661
2019-02-15,5.336666666666666,0.7030916666666668,4.345833333333333,-0.13877098564365434,0.0037498833026391562,0.004242615940324888,680.0372014914229,1.67,10.8,0.0,0.007468325617283932,-0.007827881168260931,-0.9540673212522872,0.5325515820907593,0.48493254906926375
2019-02-16,2.6612499999999994,0.8115833333333334,3.9083333333333337,-0.6201715331713419,0.0036449672069517706,0.0030039614951665352,421.69842248631966,-3.05,10.63,0.0,-0.03105836709104938,-0.002751260678002175,11.288776574091257,0.3816489152993677,0.4691391063237341
2019-02-17,3.81375,0.8018833333333334,4.3999999999999995,0.12258260774385267,0.003828679051059382,0.0031480430323810944,469.7808347096459,-2.42,12.33,0.2,0.01337913773148149,0.004817556061965694,2.7771628517432214,0.35736456354422697,0.44935907896583516
2019-02-18,5.085833333333333,0.7739875,5.050000000000001,0.7727295230297773,0.004028654753217587,0.0031503787874716735,545.9807239630605,-2.41,14.35,0.0,0.014767356288580247,0.005244050327064295,2.81602108438331,0.3134818206022268,0.41558513976042644
2019-02-19,5.399583333333332,0.7615374999999999,5.391666666666666,0.7207596887627473,0.003999117450286914,0.003391893074613213,585.1030532886836,-1.41,15.86,0.2,0.0036422598379629496,-0.0007745696173210761,-4.7023014542708985,0.30622204675944537,0.3792287142082881
2019-02-20,5.2441666666666675,0.7288333333333332,5.1000000000000005,0.20297407422684122,0.0038511486085764796,0.0036604113132696456,627.890033135671,-0.37,13.31,0.0,-0.0018042004243826939,-0.00388025167254096,0.46496994953969667,0.38957657161140813,0.423337540365571
2019-02-21,4.3395833333333345,0.7000083333333333,4.7,-1.4314123079875662,0.003410414826531811,0.003278823455424347,722.7972070938885,-1.87,12.41,0.0,-0.010501123649691354,-0.01155755478758699,0.908593888818917,0.3702295365480767,0.4048860117507525
2019-02-22,4.95,0.8045416666666667,5.124999999999999,1.7525193774366112,0.004533210856983792,0.0031550549257447144,400.9450863741763,-2.39,9.21,2.0,0.007086202739197519,0.029443571529805628,0.24067062421500668,0.4408124845573495,0.6008464579672477
2019-02-23,-1.8337499999999995,0.5343375,1.958333333333333,-10.284331043269823,0.0017307360752457483,0.0025944620723564135,1070.4350588394848,-5.0,1.95,0.0,-0.078751171875,-0.07349052228423375,1.0715826943019948,0.6000026635339659,0.4060871355923541
2019-02-24,-3.0362499999999994,0.6977916666666667,1.025,-8.127158686048785,0.0020504432128921305,0.001922926690252219,679.3913591051243,-8.89,2.38,0.0,-0.013959577546296294,0.0083838201423738,-1.6650616675018235,0.431451306345211,0.4704881194729317
2019-02-25,0.8766666666666665,0.556625,2.2875,-7.379564252344367,0.0021763264700775382,0.003071822619560354,1026.938829553972,-2.75,5.53,0.0,0.04542425250771604,0.0033010917270979664,13.76037270786447,0.5519924823820717,0.4005736078833567
2019-02-26,4.369583333333334,0.6323083333333331,3.0291666666666663,-2.603690726065383,0.0031426374757060325,0.0030626963325097252,874.7207352787476,-2.79,13.44,0.0,0.04054855806327161,0.025339996261660964,1.6001801122844272,0.3233276688864738,0.34260994367033676
2019-02-27,6.056666666666665,0.5798750000000001,4.320833333333334,-2.170009209399107,0.0032262999911528826,0.003416927640619868,1020.8597019229156,-1.31,12.44,0.0,0.019585006751543184,0.0021939187449132582,8.926951737365972,0.3850317542435456,0.37721125676836026
2019-02-28,7.825833333333332,0.5683333333333334,4.966666666666666,-2.169822070469954,0.003245186839973595,0.0032982434082367545,1240.3710312019657,-1.79,19.21,0.0,0.02053789544753087,0.0004952780996219051,,0.24100679093887528,0.27065535917065087
2019-03-01,11.343333333333335,0.5158041666666666,6.925000000000001,1.3666275043196816,0.004193860157729522,0.005592846589868796,1240.9712793576816,5.58,17.53,0.0,0.04083394097222226,0.024877475456090183,1.6414021207375293,0.4534756887050001,0.34570019458273477
2019-03-02,7.7870833333333325,0.5984875,7.45,-0.2096446813229016,0.0037691247398072415,0.004602609802337186,991.161107333175,2.81,11.36,0.0,-0.041283781828703736,-0.0111380226859213,3.7065629145186896,0.5565337967075351,0.47076734600223175
2019-03-03,6.6575,0.7359249999999999,7.091666666666666,2.150643912391012,0.004405593463146348,0.004985979788729324,562.6050165828243,3.94,10.88,0.0,-0.013113102816358017,0.01669039778718785,-0.7856674827980499,0.6222600428250541,0.553148511804836
2019-03-04,10.047499999999998,0.5747583333333334,7.358333333333334,0.46473503866062105,0.003921903804520724,0.004188123884910244,1188.3533980632815,1.49,20.17,0.0,0.03935381944444442,-0.012684005532365374,-3.1026334184439235,0.2881605272480488,0.29960544361266656
2019-03-05,10.10125,0.6387666666666668,8.741666666666667,3.0375597301900874,0.004729398873509487,0.005659357889886398,880.41567690772,5.75,15.02,0.0,0.0006239728009259565,0.021175296473185008,0.029467016044668573,0.5384862691192496,0.46253901392600844
2019-03-06,8.79125,0.6203833333333334,8.545833333333333,0.8807338422523711,0.004051327171929699,0.0044225143240922745,981.8129861681424,2.25,15.63,0.0,-0.015207523148148154,-0.017781370886896217,0.8552503203988151,0.4049365342107917,0.395541149467332
2019-03-07,13.373333333333335,0.46847916666666656,9.379166666666668,1.7435452982359363,0.004329738112868961,0.0057385049702667066,1446.7887998437825,5.95,21.93,0.0,0.05319247202932101,0.00730089190903693,7.285749836054989,0.3540087309967921,0.2730131073373313
2019-03-08,14.648333333333333,0.5082708333333332,10.516666666666664,3.7796279915514788,0.00504493342348043,0.007203998132466791,1353.6162837324216,9.27,21.65,0.8,0.014801215277777762,0.01875487952811294,0.7891927674390674,0.4516871486764516,0.3273040290708623
2019-03-09,12.205,0.7514541666666665,11.079166666666666,7.511914478015336,0.006440899273765893,0.005924284672391938,589.0659309269747,6.41,17.24,4.4,-0.028364158950617283,0.036607023227095185,-0.7748283375749374,0.4891384447442495,0.5429848894266348
2019-03-10,14.040833333333333,0.5235,10.9375,3.851495863280068,0.005009527394999128,0.00673570358954438,1270.4579215126134,8.28,20.0,0.0,0.021311815200617285,-0.03753549100209784,-0.5677777120173059,0.4676274005307931,0.35877981215792476
2019-03-11,8.5025,0.6411916666666667,9.516666666666667,1.7990138859084774,0.004341590637482898,0.0051211296810380145,834.6834647311052,4.32,12.39,0.0,-0.06429338348765433,-0.0175155978146795,3.670635976453583,0.5783682791703229,0.4946951402537498
2019-03-12,5.341666666666669,0.6002041666666668,8.033333333333335,-2.5267646946534503,0.003173022034470697,0.003708757613365778,973.0591276386863,-0.19,10.47,0.0,-0.036693470293209844,-0.030643885725552777,1.197415713589238,0.47604150552532054,0.4233183695761644
2019-03-13,4.790416666666666,0.5650708333333333,7.141666666666666,-4.380255428195893,0.002742381409726616,0.002842242826185856,1144.8442346424733,-3.79,11.95,0.0,-0.006399348958333359,-0.011292877507937364,0.5666712451131684,0.3308856871944465,0.34767323655486765
2019-03-14,6.762916666666666,0.5957041666666666,8.366666666666667,-1.1501965134675147,0.003485867961036468,0.004432001093559573,980.8544341063539,2.28,12.6,0.0,0.022898350694444437,0.01949677311036445,1.1744687474601483,0.49389200651560616,0.40257814903638345
2019-03-15,8.0,0.5810333333333333,7.920833333333334,-0.3236330980774101,0.0037004657908599544,0.004457387626950717,1033.192642893322,2.36,13.66,0.0,0.01436104841820989,0.005627492778011831,2.551944353322402,0.46347932945118964,0.39872367341096415
2019-03-16,10.449166666666667,0.6053208333333333,8.870833333333332,3.0043084469391395,0.0046997075402251745,0.006273046631742212,929.1862545386304,7.24,13.84,0.0,0.028431876929012348,0.026203553561869514,1.085038976178613,0.6439738714500295,0.4842060163263043
2019-03-17,13.962083333333338,0.550875,10.762499999999998,3.734518769773237,0.004971978675349357,0.00532623067963913,1274.1585565536097,4.88,23.34,0.0,0.04078073398919758,0.0071398850949830625,5.711679312297717,0.3016782926096975,0.3061833251245829
2019-03-18,11.94625,0.5944791666666668,11.758333333333333,3.7542572414426787,0.004991510018864371,0.005754451805112065,1022.5270966006674,5.99,19.22,0.0,-0.023401398533950676,0.0005121789659569971,,0.41959785216198925,0.37291377591229524
2019-03-19,9.059583333333332,0.5742916666666665,10.866666666666667,1.0292106648626518,0.004073698295061916,0.006140710271340244,999.4754624777432,6.93,12.07,0.0,-0.03351072530864198,-0.02406817837590096,1.392324952277887,0.7078357206825594,0.46987403523914417
2019-03-20,8.842083333333333,0.5690166666666668,10.024999999999999,-0.39377194085480327,0.003781889368509409,0.0055039658175273015,1142.1702664029724,5.35,13.06,0.4,-0.002524913194444437,-0.007652233147391752,0.3299576928474858,0.5947625603073714,0.42991572969206787
2019-03-21,7.9437500000000005,0.4424708333333334,9.795833333333333,-4.807590152478092,0.0026565270029152914,0.003173821317011046,1573.9030174235857,-2.31,15.3,0.0,-0.010428568672839497,-0.029510869659009488,0.3533805947889346,0.29704621403406717,0.2720489570768038
2019-03-22,8.937916666666665,0.47369166666666684,9.995833333333332,-2.920212442410225,0.0030690456553805145,0.0035212969003944965,1466.8462233063262,-0.9,17.77,0.0,0.011541078317901203,0.010817657100505999,1.0668741124509638,0.2815744115044407,0.2662355505282019
2019-03-23,12.374999999999998,0.5061208333333335,11.341666666666667,1.3301241882284647,0.004204242569449357,0.00485057712706652,1370.8791346283667,3.55,19.99,0.0,0.03990040027006173,0.029768765326277164,1.3403444796160653,0.33734584865863354,0.3113136734047524
2019-03-24,11.276666666666669,0.5194666666666666,11.75,-0.10702623756934697,0.003785133308070437,0.003879660743720449,1409.718985480711,0.43,21.52,0.0,-0.012750327932098718,-0.010990485521441266,1.1601241735157364,0.24569106163315493,0.27044404264988764
2019-03-25,11.504583333333334,0.485125,11.583333333333334,0.5371173756938356,0.003988841642287344,0.005300200363055686,1362.1356078242545,4.81,18.54,2.6,0.0026458381558641833,0.0053419327705661645,0.4952960416204872,0.40336515497121245,0.30839904110477756
2019-03-26,8.2825,0.5417375,10.625,-1.0221141759976553,0.0035400888540454904,0.0046817679350893565,1152.706264620011,3.05,13.08,0.0,-0.037404509066358026,-0.01176784069541098,3.178536320681533,0.5055061015494202,0.3935698430179622
2019-03-27,6.3133333333333335,0.47585416666666674,9.225,-5.751913719280275,0.0025394416348746467,0.003183241715218983,1487.7280199115137,-2.27,12.9,0.0,-0.02285965470679013,-0.026240409811475424,0.8711622596989005,0.3480915207770436,0.3057164399652488
2019-03-28,7.693333333333332,0.333675,9.633333333333331,-8.508988561943234,0.0020068866459956995,0.0029927820062521345,1992.9539727745105,-3.1,15.16,0.0,0.016020138888888865,-0.013965422466180268,-1.1471288410847904,0.28266518865907864,0.20350988971558195
2019-03-29,10.064583333333333,0.42815833333333325,10.554166666666667,-2.5938629433713145,0.003161581243966777,0.0039305720909101815,1565.062300500971,0.61,16.59,0.0,0.027527358217592612,0.03028006162148218,0.909091882364709,0.3385997045290929,0.27971346800552155
2019-03-30,11.074166666666665,0.4750458333333332,11.579166666666667,-1.0010022898876163,0.0035388548595177032,0.0037060568832078277,1495.3518613734761,-0.2,20.1,0.0,0.01172004726080245,0.009893411077798743,1.1846315864811037,0.25617453380525174,0.26631997269558133
2019-03-31,11.844583333333334,0.4969791666666666,12.54166666666667,-0.18924175119753686,0.0037528052828686553,0.0040663191235865105,1490.0121290715222,1.08,21.66,0.0,0.00894361014660497,0.005610515554842231,1.5940799128319085,0.2552849359679226,0.2663468722950659
2019-04-01,13.34875,0.46308333333333346,13.0625,0.7191620452739471,0.004015941229757641,0.004916128856622296,1567.0942921141395,3.74,22.54,0.0,0.017461564429012342,0.006900329057246641,2.5305408313353435,0.2923566702067665,0.25960573956861344
2019-04-02,12.917916666666668,0.40101666666666663,13.245833333333332,-1.1975446963111682,0.0034865425468985772,0.004473319758753232,1746.2835998711416,2.41,20.31,0.0,-0.005001456404320976,-0.013882653272536984,0.3602666079844393,0.3050766003663584,0.2505915966130148
2019-04-03,12.9525,0.2976208333333334,12.512500000000001,-4.539314804755529,0.002728536072422024,0.006978192519232972,2153.751002227909,8.8,18.49,0.0,0.00040147087191356567,-0.019877535408031242,-0.020197215785180137,0.5321924547195145,0.208764097942651
2019-04-04,14.39625,0.3439916666666667,13.2125,-1.227639173681424,0.003540522375971152,0.0074513127058853865,1933.2251002359817,9.77,21.05,0.0,0.016760199652777776,0.021293072081976595,0.7871198476317729,0.48463573649252795,0.22610605852825091
2019-04-05,13.3425,0.4715583333333333,12.795833333333333,2.108915226224504,0.004455477247907019,0.007634014746150444,1397.6782469956297,10.13,16.55,0.0,-0.012232769097222231,0.023993261899530705,-0.5098418526186927,0.6578316954514531,0.3835307968129817
2019-04-06,13.14875,0.6092583333333333,13.008333333333335,5.21940450454973,0.005497986697724232,0.006916855120817625,991.2873256231345,8.67,19.92,0.4,-0.0022492042824074033,0.027338181400441083,-0.08227336886319417,0.48253822379431927,0.3959558480665213
2019-04-07,15.722500000000002,0.4977416666666667,14.29166666666667,4.6928592677485845,0.005316731880340972,0.007381316543482428,1377.1778193363368,9.63,23.4,0.0,0.02987813946759262,-0.004753124375223846,-6.28599992529872,0.41604788934309483,0.3087785685181618
2019-04-08,13.665000000000001,0.5691291666666667,14.120833333333332,4.871511467592495,0.005364444989641417,0.006128036020832342,1099.217917498655,6.9,18.59,0.0,-0.02388509837962964,0.0012512017396708883,-19.08972599887233,0.4646749200856049,0.4155943475905391
2019-04-09,13.515416666666667,0.6810375000000001,13.950000000000001,7.127214769148753,0.006330588891692297,0.0054733461089713584,802.0928948729796,5.27,22.02,0.0,-0.001736482445987663,0.025335614231437383,-0.06853918875323615,0.33585485350432,0.39838177812181724
2019-04-10,15.995833333333335,0.6295083333333334,15.454166666666671,7.894736603129613,0.006634882426833895,0.006832716411939093,1015.430249148384,8.49,23.72,0.8,0.028794651813271628,0.007979622500439758,3.6085230612957884,0.37788795574068323,0.389810510734917
2019-04-11,12.585833333333335,0.8755375000000001,14.3125,10.47195772390122,0.007848499607349032,0.007267588827112268,267.1474876145236,9.4,16.46,18.4,-0.03958599537037037,0.03182521428216491,-1.2438563655659236,0.6299935984416138,0.6816015457092868
2019-04-12,7.5825000000000005,0.9160374999999998,11.279166666666667,6.283774808674248,0.00588968552574268,0.005846912064433117,163.27869998370616,6.22,10.76,16.4,-0.05808267746913582,-0.05136683864312408,1.130742693212457,0.7351709795751304,0.7394473678814221
2019-04-13,7.482083333333333,0.9207,9.924999999999999,6.271713820657671,0.0058863083908022315,0.005770437975784978,152.17572249360538,6.03,8.81,1.6,-0.0011657166280864318,-8.856008703991203e-05,13.163002285228897,0.8269701754385159,0.8412667404406503
2019-04-14,9.831666666666667,0.8939166666666667,10.862499999999999,8.066935762964935,0.006655048234696138,0.00636412620117462,222.41381652643335,7.45,13.19,0.0,0.02727583429783952,0.020159001250111608,1.3530350020534132,0.6815407407338856,0.7158022529060305
2019-04-15,10.5025,0.881225,11.720833333333331,8.534265269906298,0.006871489841572404,0.006412301427153582,248.19846819027893,7.56,13.88,0.4,0.007787567515432089,0.005675842950319349,1.3720547914374421,0.6565057811330658,0.7055826582774529
2019-04-16,9.73,0.5512499999999999,11.166666666666666,-0.21203071212287114,0.003763854540821697,0.0037850923040589736,1231.4382539186563,0.09,17.03,0.0,-0.008967795138888878,-0.08149288008202987,0.11004390972391687,0.31711147156814734,0.3424420169876725
2019-04-17,9.246666666666668,0.6786458333333334,10.904166666666667,3.2622205970296587,0.004850764693055531,0.004197162457548666,747.6500696819029,1.52,15.82,0.0,-0.005610918209876534,0.028502520445219434,-0.19685691378278167,0.3797076468638223,0.4407952981267924
2019-04-18,12.53708333333333,0.6512458333333334,12.399999999999997,5.536241166036099,0.005622002344984749,0.005928381978149516,875.5291824467162,6.42,17.91,0.0,0.03819777681327155,0.020224502363012608,1.8886880936625265,0.4692052442154011,0.46104175427093735
2019-04-19,13.594166666666666,0.5737333333333335,13.495833333333335,2.9841966319080186,0.00481262368166649,0.00481638910729468,1315.530692918713,3.45,21.43,0.0,0.01227146508487658,-0.021224690791359913,-0.578169322017733,0.30652495198579477,0.34973428011784896
2019-04-20,13.747916666666667,0.4111583333333333,14.245833333333335,-0.48691952385691234,0.003734788358632165,0.0058347777072548885,1759.8603477920376,6.19,20.02,0.0,0.0017848524305555612,-0.028264547228882934,-0.0631480991399593,0.4047995102110686,0.2761344300514661
2019-04-21,13.634166666666667,0.5144708333333333,14.470833333333337,1.753329756014607,0.004344718953055992,0.004912659245564351,1472.6552218360227,3.73,22.65,0.0,-0.0013205005787036987,0.015994476822211074,-0.08255978569239335,0.29020464317801614,0.29186922918545927
2019-04-22,15.014583333333334,0.5106666666666667,15.233333333333334,3.127202027280232,0.004787786201586599,0.005883449683516267,1476.7784750970068,6.31,23.69,0.0,0.016024975887345683,0.011618746300139335,1.3792345123460963,0.326164313052354,0.2974691447544629
2019-04-23,12.3825,0.5819875,13.916666666666664,4.125620908768991,0.005113034627755388,0.006809506338107762,1030.8696278181985,8.44,14.9,1.6,-0.03055531925154322,0.008529131775610621,-3.582465373429606,0.6524952904802904,0.4940452400311793
2019-04-24,17.03875,0.5257833333333334,14.616666666666665,6.963324991377127,0.0062571066206999005,0.008343955753585678,1263.4858354921014,11.46,24.07,0.0,0.05405345775462963,0.030001500402480855,1.8016918163919526,0.451437389706413,0.34067216098741004
2019-04-25,20.09541666666667,0.5084291666666667,16.912499999999998,9.098229157161773,0.00724306922718541,0.009691770680208047,1382.0443494398535,13.73,26.88,0.0,0.035484220679012364,0.025855328788509848,1.372414211757447,0.4432975325192215,0.3375584902471562
2019-04-26,22.047916666666666,0.49438333333333323,17.96666666666667,9.828059429898678,0.007634226991320135,0.01017769952373499,1534.2132860724043,14.48,29.98,0.0,0.022666174768518486,0.01025750118042672,2.209717003179088,0.38857487107473343,0.3090052653706513
2019-04-27,15.71708333333333,0.8012833333333331,16.84166666666667,12.148535925111927,0.008778692430440426,0.008321778505276805,452.06472285268813,11.42,20.54,13.6,-0.07349335455246916,0.030011817913680988,-2.4488138227363754,0.5582300573122467,0.5917159254962125
2019-04-28,12.865416666666663,0.7504708333333334,14.458333333333337,8.167022829162947,0.0067250636202173366,0.006531924809115909,590.7076695716239,7.83,17.42,0.0,-0.033104417438271604,-0.05385320675308454,0.614715806805237,0.533007459767274,0.5598868416147523
2019-04-29,11.542499999999999,0.8033875,13.962499999999999,7.81808200638422,0.006585570611536703,0.005643645306012869,468.1904797085875,5.71,17.34,1.6,-0.015357470100308614,-0.0036579861948235516,4.198340092710329,0.4631075958401775,0.5521795171391136
2019-04-30,11.02875,0.9258791666666667,13.275,9.855864024891536,0.007508212089615635,0.007532028985015951,148.22849141585607,9.93,13.09,9.6,-0.005964019097222201,0.024194831135310478,-0.2464997198727367,0.811325500415609,0.8083110220557975
2019-05-01,12.547916666666666,0.8476291666666667,12.754166666666672,9.972671829262277,0.007589081650183888,0.007406247903312748,325.4678639443128,9.68,16.5,3.0,0.017635696373456775,0.002120677867214052,8.31606565339643,0.6403268847883434,0.6565613321648228
2019-05-02,14.763333333333335,0.6945666666666667,13.529166666666667,8.609065577438917,0.006971746462319289,0.006563259798983217,774.1577664506318,7.9,21.93,0.0,0.02571832079475312,-0.01618865071551807,-1.5886636413805708,0.4046857602670956,0.44295443405854
2019-05-03,15.409166666666666,0.6922916666666666,14.604166666666666,9.038451525327323,0.007160479292016838,0.007233286066708753,800.2612916094978,9.33,22.57,0.2,0.007497347608024657,0.00494922356377182,1.51485329191937,0.42876968720490194,0.4426377849518614
2019-05-04,16.20791666666667,0.6893166666666666,15.375000000000002,9.710336291737812,0.007499339800877299,0.007516835853974097,816.9903494414493,9.9,21.92,0.8,0.00927252604166671,0.008886087375320506,1.0434880561066129,0.4634981529088797,0.48258561315633297
2019-05-05,13.147499999999999,0.9156208333333332,14.841666666666667,11.768702852091204,0.00859065176053445,0.00673111458011884,174.8921520082845,8.27,17.74,9.200000000000001,-0.0355277536651235,0.028617950967071794,-1.2414499453857553,0.5382130714266513,0.6819002974096657
2019-05-06,7.92625,0.9506125,11.762500000000001,7.180456243287078,0.006253208567871344,0.006174622115463632,93.93558775538196,7.01,9.17,10.400000000000002,-0.06061242766203703,-0.06129579547260139,0.9888513101870126,0.8634419992480237,0.8738154855744615
2019-05-07,8.592916666666667,0.8137833333333333,10.995833333333332,5.363414894152977,0.005525614533647191,0.005588955867344328,404.77020847198446,5.57,13.12,1.0,0.007739197530864212,-0.019080016681849932,-0.4056179645915197,0.6015521827757085,0.6022060298463268
2019-05-08,10.856250000000001,0.6675,11.924999999999999,4.14253073065166,0.005094948448199845,0.004685092282090149,838.2528077996536,3.06,17.14,0.0,0.02627457561728395,-0.011293545175098159,-2.3265126415059108,0.38957373874350165,0.4439523002635647
2019-05-09,11.384166666666665,0.8447125,12.129166666666665,8.814264566393758,0.007068036121455751,0.007121586290323761,323.69271274194665,9.1,14.04,8.4,0.00612847704475306,0.05174114128164667,0.11844495295133584,0.7212809506322938,0.7097525377032207
2019-05-10,14.218333333333335,0.7856125,13.254166666666668,10.15079938653899,0.007685460121660909,0.007194258899675865,513.2485127428687,9.25,19.99,1.8,0.03290126350308646,0.016190979680379948,2.032073670190313,0.4996336248220041,0.544986865443765
2019-05-11,15.922916666666664,0.6806458333333332,14.3375,9.290014160605088,0.007293236543976501,0.0067679044790328316,835.0827641672099,8.35,22.65,0.0,0.01978816068672834,-0.010285450475433463,-1.9238983002243661,0.39935026309151944,0.44757140030117415
2019-05-12,18.66458333333333,0.6085041666666665,15.19166666666667,10.33698215993772,0.007826533144812886,0.008980671195107892,1048.8556253265172,12.57,24.78,0.0,0.031827449845679,0.013984870080995387,2.2758488038391307,0.46546282376958426,0.41859079450867837
2019-05-13,16.432916666666674,0.8178666666666667,15.025000000000004,13.211805885805378,0.009412603900320931,0.009819296143587525,408.9066027280228,13.93,21.22,6.800000000000001,-0.025906963734567766,0.041592227327643005,-0.6228799321201414,0.6311102363601246,0.6062931751921035
2019-05-14,9.300416666666667,0.9176583333333332,12.529166666666669,8.009837590400197,0.006631247175026388,0.006772515741314883,162.58181264730766,8.36,12.31,18.199999999999996,-0.08279973958333342,-0.07293673425096611,1.135226856996777,0.768135966613093,0.7511362767325404
2019-05-15,9.007500000000002,0.8875333333333333,10.950000000000001,7.159809409606306,0.006249088318466249,0.0061661286056331815,232.401421072903,6.99,11.72,16.2,-0.0034004099151234367,-0.010021518890076277,0.3393108322622296,0.7273552606356833,0.7405158117104034
2019-05-16,9.875,0.8568958333333331,11.091666666666667,7.471484940900743,0.006408132307667931,0.005554047374945897,302.65157855924423,5.48,12.83,0.0,0.010070630787037013,0.004170680110580975,2.414625557469133,0.6092555657738984,0.7045460738990404
2019-05-17,12.955,0.8259875000000001,12.229166666666666,9.947769125421358,0.007573043541912559,0.007618639201999405,379.8686864573451,10.1,16.97,0.0,0.035755092592592595,0.030547976944261868,1.1704569719242515,0.6392293187273266,0.6377622401513503
2019-05-18,16.786666666666665,0.7478666666666668,13.800000000000002,11.617238058272973,0.008565102836425274,0.006809506338107762,653.8210919570361,8.44,24.1,0.0,0.04448103780864195,0.026015204905948285,1.7098092430735197,0.3680962592809692,0.47601978888777163
2019-05-19,17.727500000000003,0.8280291666666666,15.416666666666671,14.310917990348123,0.010130146774683258,0.008909819928718903,434.0543471521808,12.45,24.02,53.2,0.010921942515432147,0.041040831899662095,0.26612380914047873,0.4833382182332813,0.5620703355037759
2019-05-20,17.361666666666668,0.7667999999999999,15.720833333333333,12.525868307605576,0.00903326552449716,0.009196233211246362,610.721882163563,12.93,23.33,4.6000000000000005,-0.004246884645061743,-0.02876399690917702,0.147645845550303,0.5199714600077514,0.5302222572964179
2019-05-21,16.842916666666664,0.7228958333333334,15.600000000000001,11.202759790831204,0.008275388680354134,0.009238676963835034,710.9491378775874,13.0,22.27,3.8000000000000003,-0.006022063078703754,-0.019874136055081874,0.30301005598499436,0.5570562889957363,0.5158331670848352
2019-05-22,17.60458333333333,0.7684791666666665,15.7125,13.262390196490538,0.009466973485902447,0.009954797611108656,550.771319920318,14.14,22.64,5.6000000000000005,0.008842033179012346,0.031247449674245836,0.282968154879531,0.5866229710279621,0.56263711792886
2019-05-23,15.926249999999998,0.7818041666666665,15.29166666666667,12.014169617656515,0.008698786576551,0.009360903898693056,495.2799444352586,13.2,18.61,0.0,-0.019483429783950613,-0.02014450140569584,0.9671835202851777,0.7075422352151406,0.6597016670064322
2019-05-24,15.336666666666666,0.8000291666666667,14.850000000000001,11.836270135135175,0.008616836192219167,0.009034137159138641,443.34928696257384,12.66,18.64,0.0,-0.006844352816358006,-0.0021490207816267956,3.1848704651319717,0.6816966458542517,0.6488326430410182
2019-05-25,18.477916666666662,0.7483541666666668,15.887500000000001,13.220720932027389,0.00946088455873504,0.00894518333724847,664.9159659420093,12.51,24.38,3.2,0.036466131365740694,0.022133849586306095,1.6475277481013415,0.4748705038954338,0.5211408067677571
2019-05-26,20.165,0.6825374999999999,16.754166666666666,13.072030496392935,0.009413490685212371,0.00876380355126577,896.3589046643716,12.2,26.07,0.0,0.019585006751543257,-0.0012428302802046118,-15.758392005317814,0.4207214653267659,0.47739977422763935
2019-05-27,19.71625,0.8089624999999999,17.520833333333332,16.27540538698884,0.011488782065120084,0.012281968954400646,439.06159565948906,17.4,22.13,0.4,-0.005209447337962968,0.054421273795298666,-0.0957244653544475,0.7455295958355462,0.6972990851389984
2019-05-28,19.036666666666665,0.8239666666666667,17.45,15.799601872084159,0.011146073553336392,0.010880227842799572,412.77935079896406,15.51,23.89,11.399999999999999,-0.007889144483024692,-0.008986995239477671,0.877840064760423,0.5941542014100745,0.6119569287985148
2019-05-29,18.6575,0.8285916666666667,17.695833333333333,15.555944260501677,0.010971130244530813,0.010733601438468963,395.41976391194476,15.3,23.46,1.8,-0.00440166859567901,-0.004587614924506291,0.959467755710274,0.6015911377127103,0.6167565724577457
2019-05-30,15.852500000000001,0.8342166666666667,16.6875,12.9397482334506,0.009237710318591974,0.009685433149576504,369.49214895592814,13.72,18.46,0.8,-0.03256267361111109,-0.04545622908911179,0.7163522857841036,0.7388404210517647,0.707232845829484
2019-05-31,14.485416666666667,0.909125,15.375,12.996208527533005,0.009277057692723424,0.00894518333724847,189.21773668269307,12.51,18.01,17.599999999999998,-0.015870191936728395,0.001031823406325199,-15.38072487931777,0.7022468228637215,0.7261099672477574
2019-06-01,16.205833333333334,0.9428791666666668,15.59583333333333,15.267850971514735,0.010739290146214482,0.010277437927622101,119.72977327607576,14.63,18.78,53.80000000000001,0.01997196662808642,0.038344761354594414,0.5208525473243925,0.7681713944168286,0.8013808934304819
2019-06-02,18.741249999999997,0.8400458333333335,16.962500000000002,15.645769424216304,0.011030529884700739,0.0103645781141896,394.18688928118587,14.76,23.99,1.0,0.029433135609567854,0.007637307079710704,3.853863057013908,0.562775884693189,0.608812655039663
2019-06-03,19.652083333333334,0.8237416666666667,17.849999999999998,16.384843183362268,0.011582206722168848,0.010824162013573236,417.0798026383102,15.43,23.79,0.0,0.010573678626543244,0.014466863067542633,0.7308895216037534,0.5946818558339932,0.639531725308473
2019-06-04,19.724583333333335,0.8266791666666666,18.2625,16.413877971619705,0.011608382618315113,0.010533999237139909,422.364102412547,15.01,24.18,0.8,0.0008416377314814996,0.0006864219765980617,1.22612293920526,0.5654239503684156,0.6297646398264701
2019-06-05,17.836249999999996,0.9277500000000002,18.108333333333334,16.59979848166004,0.011694920869357799,0.011078492258680557,158.0580766594903,15.79,21.07,5.2,-0.021921277006172905,0.002269330417577173,-9.659799576289524,0.7180874188281592,0.7586405945480728
2019-06-06,19.833333333333332,0.8420124999999999,18.216666666666665,16.87138466620919,0.011985124104028272,0.009974289732687897,378.9874001859866,14.17,24.67,0.2,0.023183733603395092,0.00761012638667899,3.046432138627375,0.5200611883350461,0.6270991694976251
2019-06-07,23.370000000000005,0.7594333333333333,19.470833333333335,18.27732642711726,0.013135871608221432,0.012157390407121852,650.9518194452494,17.24,29.42,1.2,0.041056442901234634,0.030176555254490322,1.3605410741878952,0.47881351107967596,0.531217496030734
2019-06-08,24.53708333333334,0.7312083333333335,20.549999999999997,18.8006486792478,0.01357012094593024,0.013211206199743511,733.534630299988,18.55,29.56,0.0,0.013548432677469146,0.011387510366823325,1.189762488993337,0.5158008992162947,0.5442536281621188
2019-06-09,23.600416666666664,0.7163458333333331,20.4875,17.73570470016102,0.012726081887132583,0.012041617329928797,749.4142889619023,17.09,29.67,0.0,-0.010873572530864288,-0.02213360550593919,0.49126982623533905,0.46749306724923834,0.5008177939204604
2019-06-10,25.3325,0.7384791666666667,21.520833333333332,19.62513512570032,0.014304007223374977,0.013489123086951488,730.990498241705,18.88,32.0,0.0,0.020107402584876567,0.041378626434618905,0.4859369272841295,0.45797584651667594,0.5013228870272854
2019-06-11,25.11708333333333,0.6822499999999999,21.941666666666663,18.284525166551116,0.01315984285350164,0.01438122537720919,872.4043974869996,19.9,31.14,0.0,-0.002500728202160529,-0.03000392284310032,0.0833467082033773,0.5124602662022415,0.48016174409989604
2019-06-12,25.422916666666666,0.6623583333333335,22.120833333333337,18.101227605513944,0.013014632771496712,0.01355727295148283,935.3363641529946,18.96,31.25,0.0,0.0035503568672839796,-0.0038079075098261216,-0.9323642599308032,0.4803173478018392,0.4717633585915269
2019-06-13,26.959166666666665,0.6561291666666667,22.8,19.50049801169045,0.014313974141168606,0.014122413479900592,956.2969992075255,19.61,33.72,0.0,0.017834013310185172,0.03407319719875532,0.5234029905135126,0.43503024987087896,0.4451349717702241
2019-06-14,26.48875,0.6201666666666666,23.21666666666667,17.3634335624046,0.012596203095803173,0.01569081795521728,1157.9338933890406,21.3,32.58,0.0,-0.005460971257716032,-0.04504586164745011,0.1212313641696131,0.5148481821504985,0.43632098326823326
2019-06-15,26.508333333333336,0.6644166666666665,23.375,18.906346916126555,0.013783425429880534,0.012848556282800242,972.1973802176334,18.11,33.58,0.0,0.0002273389274691765,0.031133050676281804,0.007302173173873092,0.39921252559917964,0.4423974716492127
2019-06-16,26.890416666666656,0.6252249999999999,23.795833333333334,18.24406749820766,0.013200863625068636,0.014148994095921665,1103.033826099883,19.64,33.44,0.0,0.004435527584876386,-0.01527677307837201,-0.2903445355980285,0.44273532063805626,0.42913805341282535
2019-06-17,22.983749999999997,0.7704958333333335,22.941666666666666,18.501708331387576,0.01328722319561929,0.014042937257907933,573.7372231687667,19.52,27.98,21.0,-0.045351697530864106,0.0022646448008619346,,0.600630190266472,0.5724282584773837
2019-06-18,23.303749999999997,0.8038374999999999,22.529166666666665,19.411312502093114,0.014053733117209819,0.013278109317824568,499.44025013118517,18.63,29.31,1.2,0.003714814814814818,0.020100525021959116,0.18481183007690166,0.5259317783302604,0.5636026225039696
2019-06-19,23.395833333333332,0.8097750000000001,22.554166666666664,19.632817308684572,0.014259918922753294,0.01329488198797555,483.31924223218783,18.65,29.51,2.4000000000000004,0.0010689766589506349,0.00540690058505647,0.19770599479950865,0.5205416632472215,0.5643749448884866
2019-06-20,23.40625,0.8316833333333332,22.470833333333335,20.16227031307595,0.014722963177675527,0.013876456009834351,416.86408565072566,19.33,28.33,11.6,0.00012092496141976683,0.01214261207868726,0.009958727219163544,0.5815792624370986,0.6210780650708168
2019-06-21,24.331666666666663,0.7515958333333335,22.724999999999998,19.181863926731232,0.013889047679404146,0.01328649330492131,660.0237359820114,18.64,30.58,0.0,0.010742973572530828,-0.021868130949200936,-0.49126162622157593,0.48917345957494235,0.5211110812174699
2019-06-22,25.022500000000004,0.7036250000000001,22.804166666666664,18.43912636240277,0.013284641963172304,0.01301228747948756,840.9274873980706,18.31,31.68,0.2,0.008019743441358113,-0.015849595524248437,-0.5059904165433519,0.4500126432309694,0.4775109992147997
2019-06-23,22.205000000000002,0.8262124999999999,22.08333333333334,18.954248908692353,0.013645385545432721,0.012807910151310727,417.2599234393212,18.06,26.37,46.2,-0.032707783564814845,0.009459936782932157,-3.457505511435024,0.6025791024165973,0.6435082080930623
2019-06-24,22.351250000000004,0.8045749999999999,21.38333333333333,18.51514685743424,0.013271095055608738,0.01293019198332404,491.2632328504081,18.21,27.32,1.0,0.0016977864583333563,-0.0098151832667436,-0.17297552294167542,0.5752012585943409,0.5978727489636217
2019-06-25,25.036666666666665,0.7438000000000002,22.483333333333334,19.564594653228973,0.014239934856446907,0.013668668128729855,701.0428204203994,19.09,30.94,0.0,0.031174455054012288,0.025406309964792175,1.2270359252175367,0.4928733783725021,0.5269572241776447
2019-06-26,26.58125,0.7211416666666666,23.491666666666664,20.368245176514765,0.015025051857126331,0.014846601278778427,795.7198280043816,20.41,32.51,0.0,0.01793075327932101,0.020588466597504324,0.8709125176663001,0.4893256529080295,0.5121594901297194
2019-06-27,26.70124999999999,0.7165083333333334,23.6125,20.369133289492968,0.015025512059528066,0.015032717998788475,811.5849978039558,20.61,32.64,21.8,0.0013930555555554435,1.2068088919247645e-05,,0.49178193112317814,0.5087347182866897
2019-06-28,23.16458333333333,0.6836375,22.295833333333324,16.19520973398865,0.011665965649565358,0.013429741447580282,883.3444840503051,18.81,26.85,0.0,-0.04105644290123451,-0.08809885531000644,0.46602697341257326,0.6139697620618909,0.5486575900201819
2019-06-29,22.38791666666667,0.5570124999999999,21.216666666666665,12.209715699364304,0.00898549002409826,0.012614392123603128,1282.606591443618,17.82,27.11,0.0,-0.009016165123456715,-0.07029128503470986,0.12826860568852214,0.5682223881266395,0.4199822178845162
2019-06-30,23.285833333333333,0.6792208333333334,21.333333333333332,16.02598227342803,0.011427114402131455,0.011164439070072222,922.0398806598913,15.91,29.59,0.0,0.01042373167438268,0.06402778427582986,0.16280013110367123,0.43567340325322074,0.4680826736055605
2019-07-01,25.680416666666662,0.6900708333333333,22.333333333333332,18.952887404242308,0.013765401114528812,0.013053508357798222,861.6005865336616,18.36,33.03,0.0,0.027798230131172795,0.061317915459632555,0.4533459743828574,0.41825071069587816,0.4512253355048473
2019-07-02,27.07833333333333,0.7024333333333335,23.099999999999998,20.429310777563988,0.01513888499960201,0.013600021568620582,853.9086435359095,19.01,34.45,0.0,0.01622812982253087,0.03601746881747421,0.4505627506688544,0.4023311681085496,0.46073069100958125
2019-07-03,25.33583333333333,0.5981958333333334,22.933333333333337,16.190264957500712,0.011619673305992855,0.014498604281007615,1160.953565824672,20.03,30.58,0.0,-0.020228327546296294,-0.09228582789662884,0.21919213390981807,0.5334103657209193,0.44040217629431117
2019-07-04,22.91083333333333,0.6103041666666666,22.045833333333334,14.47169822456476,0.01034942562606446,0.013211206199743511,1069.5744278367617,18.55,27.94,0.0,-0.028151331018518525,-0.03331026064412228,0.8451249096871278,0.5666615041128527,0.45247250372014164
2019-07-05,23.13416666666667,0.6517208333333332,21.600000000000005,15.04670420009284,0.01073812060660303,0.01103573933499639,1024.257821386065,15.73,29.61,0.0,0.0025926311728395814,0.010192918528716925,0.25435611650728457,0.4301879464546233,0.44451659763307866
2019-07-06,25.211250000000007,0.59915,22.274999999999995,15.678228808017364,0.011218541092588956,0.012905653097345506,1208.428756878802,18.18,31.57,0.0,0.02411243730709882,0.012598276587971545,1.9139472878473431,0.449153197480991,0.4137912473075187
2019-07-07,24.525000000000002,0.7029458333333333,22.575000000000003,18.112932698164816,0.013042985092924472,0.013754908513221106,818.9564694590254,19.19,32.28,10.999999999999998,-0.007966536458333388,0.04784319321504838,-0.1665134771110476,0.459579411612531,0.4475827560949721
2019-07-08,22.285833333333333,0.6680249999999998,21.424999999999997,14.903252374456612,0.01065199710948672,0.012289792575509915,934.4510265285456,17.41,26.99,0.2,-0.025994029706790156,-0.06269992394693093,0.41457832913468035,0.5576285716497348,0.5041071256512772
2019-07-09,20.7525,0.6943166666666666,20.950000000000006,14.68183039224457,0.010407709140849599,0.012297620616970241,771.037130104998,17.42,25.08,1.7999999999999998,-0.01780015432098763,-0.006406070277557508,2.7786386270764476,0.6248092023841619,0.5340977658118654
2019-07-10,18.708750000000002,0.6638125,19.916666666666668,11.981387579477932,0.008773549477809629,0.010391521995571825,849.4008350495496,14.8,21.93,0.0,-0.023725477430555548,-0.04285328378874971,0.5536443262437734,0.6392521479812174,0.5439502433621914
2019-07-11,18.215833333333332,0.6539541666666667,19.004166666666666,10.538578692655248,0.007939101605575247,0.007732034175626244,966.2704385012204,10.32,25.23,0.0,-0.00572216917438275,-0.021882091624546306,0.2615001012043971,0.39042211402522553,0.4257832518237767
2019-07-12,18.475833333333334,0.6949541666666667,19.500000000000004,12.081318464777752,0.008813502068520199,0.00792082206621979,807.9079680413447,10.68,25.02,0.0,0.003018287037037055,0.022929785890008023,0.1316317148147605,0.4049481279905776,0.4657163967237021
2019-07-13,19.03375,0.7869999999999999,19.82916666666667,14.844153841530376,0.010488138321168294,0.010250756617001804,532.297735407272,14.59,24.83,0.0,0.006476740933641982,0.043914719106551536,0.147484512377895,0.5292988626525815,0.552364347688763
2019-07-14,18.652083333333334,0.8100499999999999,19.683333333333334,14.965036374507674,0.010561244137022701,0.010371308268736992,468.8071219850821,14.77,24.84,2.6,-0.004430690586419765,0.001917085792944551,-2.311159262003835,0.5351646806821327,0.5548054152441769
2019-07-15,19.37875,0.6820541666666667,19.570833333333336,12.220384268652609,0.00889452423913421,0.00931796230219922,902.2447545974804,13.13,25.48,0.2,0.008435725308641975,-0.04370712507228524,-0.1930057237736527,0.4631080174491433,0.4705247094938138
2019-07-16,19.96458333333333,0.6083625,19.804166666666664,10.415578986142597,0.00792408542823884,0.008394046369195005,1198.5314606639458,11.55,27.09,0.0,0.0068008198302468735,-0.025448241505089068,-0.2672412484330937,0.37952523256037485,0.395728356892383
2019-07-17,20.928749999999994,0.6293916666666667,20.341666666666665,12.422424834563204,0.009021453377260744,0.009348616995957392,1073.5440285010204,13.18,27.84,0.0,0.011192814429012312,0.0287767598256791,0.38895325591953345,0.4042762845991104,0.4158423191827297
2019-07-18,22.395,0.5847125000000001,21.462500000000002,12.306302005906579,0.008975623613807113,0.009354758657992703,1271.1301436859278,13.19,29.79,0.0,0.01702139756944451,-0.0012018139375660735,-14.163088842118464,0.3612633807959581,0.37738116601774024
2019-07-19,19.87,0.6518999999999999,22.4,13.148361733943915,0.009404532568603022,0.014354257982702848,852.1386068940767,19.87,19.87,0.0,-0.02931221064814813,0.011247467169280857,-2.6061165778021382,1.0,0.6518999999999999
